DEPT,ECGR,RD,RHOB,TNPH,DTCO,DTSM
4808,42.57709885,23.45470047,2.529599905,0.205261007,58.96349716,100.8317032
4809.5,42.44639969,21.49309921,2.603300095,0.159697995,64.12490082,111.5353012
4810,48.21929932,19.83720017,2.635400057,0.169542015,70.32029724,111.3699036
4810.5,57.78839874,24.02960014,2.601399899,0.164004996,61.98519898,110.9417038
4811,56.92110062,30.59029961,2.601599932,0.190524012,60.7539978,102.6036987
4811.5,59.53250122,27.37280083,2.677900076,0.204022005,60.39969635,104.683197
4812,70.20809937,18.80500031,2.596299887,0.194302991,64.59429932,107.9357987
4812.5,56.92470169,14.54440022,2.610300064,0.201165006,62.62260056,109.6558991
4813,58.62450028,15.10770035,2.634799957,0.202535987,66.06150055,116.4161911
4813.5,62.57300186,12.2105999,2.609400034,0.206130996,64.26059723,115.8072968
4814,65.99009705,13.49230003,2.635299921,0.235041007,65.54290009,115.1775971
4814.5,58.06809998,13.59869957,2.647900105,0.217463002,66.69239807,115.5401993
4815,53.35739899,13.34799957,2.615200043,0.201630995,64.30419922,115.7337036
4815.5,75.65329742,15.69849968,2.615400076,0.243037999,68.58429718,119.8090973
4816,71.92970276,12.31890011,2.747200012,0.231860995,61.80820084,119.3465958
4816.5,54.03010178,22.90579987,2.618799686,0.234748006,67.95200348,118.1779022
4817,77.86229706,14.91380024,2.693200111,0.259164989,68.28620148,123.5790024
4817.5,52.55199814,12.21759987,2.638200045,0.228455007,65.77580261,123.9932022
4818,77.83229828,10.04349995,2.660000086,0.261774987,70.03790283,123.8952026
4818.5,71.90170288,9.678500176,2.632600069,0.284543991,68.00450134,125.7381973
4819,79.08550263,9.334500313,2.645200014,0.275628001,68.38269806,122.6240997
4819.5,71.9016037,7.610000134,2.627199888,0.256543011,70.89189911,133.2812958
4820,71.27310181,6.985799789,2.655800104,0.245681003,71.07689667,131.7696075
4820.5,68.98539734,8.460900307,2.658499956,0.240969002,67.42410278,127.8377075
4821,70.96829987,9.987999916,2.631799936,0.252225995,65.84470367,122.2220993
4821.5,76.5664978,10.53829956,2.644999981,0.253399998,66.92849731,122.5755005
4822,76.73220062,9.834799767,2.628499985,0.276883006,66.98169708,124.6368942
4822.5,66.59739685,8.678099632,2.768100023,0.257054001,69.96040344,130.6914978
4823,74.56539917,7.147099972,2.609899998,0.258581013,69.52950287,127.9147034
4823.5,88.35250092,6.329999924,2.644299984,0.262881994,66.79160309,126.4639969
4824,64.86859894,7.425899983,2.622600079,0.257164002,68.17369843,128.4311981
4824.5,67.61689758,9.622400284,2.664999962,0.24145399,65.71520233,120.6575012
4825,65.0266037,10.87279987,2.625799894,0.256548017,66.19709778,124.032402
4825.5,79.59929657,9.539500237,2.644500017,0.217032,66.65670013,122.973999
4826,76.44519806,15.46039963,2.570600033,0.223589003,64.65119934,118.5070038
4826.5,80.4815979,12.72119999,2.648699999,0.170926005,67.52529907,118.9861984
4827,77.65619659,13.17380047,2.655499935,0.099511005,67.03220367,123.4669037
4827.5,88.19139862,11.8803997,2.686500073,0.070827998,66.40139771,120.7438965
4828,460.6166992,11.80970001,2.633500099,0.107548997,66.42030335,121.0886002
4828.5,536.0507813,16.37719917,2.574899912,0.087599002,64.35929871,112.9445038
4829,74.19730377,21.28540039,2.585199833,0.102894001,62.49410248,104.0860977
4829.5,45.25279999,15.30480003,2.597800016,0.101027004,63.32309723,105.6791
4830,71.14969635,13.71829987,2.557100058,0.108112,60.89220047,99.69979858
4830.5,33.51549912,44.74599838,2.586800098,0.108934,56.13489914,91.64279938
4831,41.40039825,38.44469833,2.600699902,0.096273005,66.06700134,96.41329956
4831.5,42.56280136,77.93039703,2.639499903,0.083464004,57.65930176,97.8789978
4832,48.66559982,95.73889923,2.620199919,0.073558003,62.63010025,97.43849945
4832.5,52.82640076,71.74849701,2.621999979,0.081973001,66.17780304,101.2970963
4833,40.5923996,72.7806015,2.539599896,0.106253997,63.47940064,100.5697022
4833.5,47.57830048,70.30220032,2.516200066,0.111102,60.90730286,96.33959198
4834,31.33440018,177.6634979,2.528100014,0.106358007,61.14220047,98.47429657
4834.5,47.41770172,186.3404999,2.46690011,0.111784004,59.2397995,96.20010376
4835,30.29109955,158.1753998,2.48149991,0.110841997,65.12850189,99.40699768
4835.5,36.36880112,75.19920349,2.527800083,0.101027004,66.22979736,103.4347
4836,31.45070076,194.133606,2.534800053,0.115726993,65.73739624,100.1270981
4836.5,30.59609985,243.4026032,2.570199966,0.135876998,66.20369721,101.7647018
4837,45.81900024,155.953598,2.555099964,0.129485995,67.62059784,103.4033966
4837.5,54.97040176,154.0148926,2.542999983,0.129519001,61.13690186,100.3871002
4838,42.75740051,117.8602982,2.520699978,0.126619995,66.95369721,104.0736008
4838.5,40.35359955,66.17669678,2.615200043,0.117905997,66.33239746,105.735405
4839,32.9151001,55.32400131,2.529599905,0.115289003,68.81169891,104.6875
4839.5,50.84339905,73.38480377,2.563699961,0.124945,70.2983017,107.3816986
4840,45.24330139,97.30470276,2.5552001,0.11857,67.75869751,107.0279007
4840.5,41.09809876,64.79940033,2.448999882,0.103601001,65.87750244,102.9886093
4841,46.32759857,63.23180008,2.435100079,0.098586999,67.38420105,104.2809982
4841.5,42.9776001,60.86050034,2.544899941,0.109658003,65.15380096,103.2302017
4842,80.18229675,74.62069702,2.530999899,0.116811998,65.95490265,101.5799027
4842.5,54.29079819,45.3207016,2.481800079,0.099377006,63.27069855,99.44559479
4843,49.16260147,31.44930077,2.425699949,0.102800995,62.56349564,96.80599976
4843.5,42.97719955,38.29940033,2.539000034,0.104260996,65.01069641,99.97730255
4844,88.12950134,39.74629974,2.620800018,0.125465006,67.52909851,101.1145096
4844.5,40.08789825,41.36949921,2.575099945,0.114858002,66.97769928,103.3404999
4845,33.72029877,29.79459953,2.553900003,0.091531001,62.58480072,99.16149902
4845.5,51.45859909,53.98949814,2.555599928,0.106073998,64.33309937,95.0923996
4846,55.29589844,114.5718002,2.516499996,0.102683999,66.30789948,101.5921021
4846.5,49.60520172,68.55319977,2.54460001,0.094024003,63.57749558,99.78130341
4847,48.87929916,71.98970032,2.553999901,0.096758001,67.66790009,99.52899933
4847.5,68.55120087,73.12590027,2.585199833,0.111673005,66.98269653,101.4660034
4848,60.65629959,56.50529862,2.572099924,0.092994005,65.10009766,100.5139999
4848.5,43.34400177,50.62110138,2.516200066,0.103119999,64.17810059,99.04120636
4849,48.46689987,71.24420166,2.5618999,0.101935998,66.59089661,99.30760193
4849.5,68.50460053,90.54429627,2.544100046,0.095877998,67.49839783,104.2966995
4850,60.82730103,26.4321003,2.523999929,0.094935,64.43609619,103.194603
4850.5,60.76010132,49.64849854,2.581099987,0.098421,63.59389877,102.8210983
4851,51.43109894,53.0461998,2.567300081,0.090456002,64.1155014,97.44450378
4851.5,64.10720062,56.78839874,2.572999954,0.091858998,65.84940338,97.69020081
4852,56.67919922,59.00790024,2.586499929,0.090226002,65.55139923,100.4290009
4852.5,55.01860046,47.77930069,2.582700014,0.093891002,66.71330261,100.0299988
4853,57.66090012,51.54930115,2.658499956,0.113201,67.86920166,103.8424988
4853.5,63.50159836,37.99720001,2.687400103,0.113137998,66.04850006,104.527298
4854,55.02119827,32.47029877,2.760099888,0.109526999,63.16919708,100.854599
4854.5,57.60609818,45.98199844,2.573600054,0.104234003,62.52840042,99.06980133
4855,52.57939911,28.14789963,2.568900108,0.097975999,63.01530457,99.49970245
4855.5,48.28219986,30.59090042,2.607199907,0.103817999,63.65620041,103.4498978
4856,69.7365036,33.07339859,2.745399952,0.135631993,67.25640106,103.9181976
4856.5,63.38679886,31.81150055,2.725500107,0.124389999,63.51210022,101.880394
4857,60.62879944,21.50639916,2.806600094,0.108662993,62.70009995,101.5428009
4857.5,64.00289917,28.78619957,2.78550005,0.110684998,60.82920075,97.84140015
4858,57.96620178,34.46009827,2.670300007,0.112451002,57.30319977,97.67229462
4858.5,39.40990067,77.86070252,2.655299902,0.095696002,62.65409851,99.53959656
4859,39.86420059,36.66260147,2.605200052,0.096923001,61.9294014,100.0142975
4859.5,37.33769989,62.57009888,2.64989996,0.115922004,60.23180008,99.54360199
4860,74.56639862,71.66429901,2.589600086,0.142575994,62.12760162,99.46269989
4860.5,74.74069977,31.83410072,2.558900118,0.158453003,55.8083992,106.9573975
4861,66.94419861,16.96120071,2.559700012,0.123414002,76.23349762,111.9769974
4861.5,27.35280037,31.31920052,2.643100023,0.092308,71.4315033,111.9358902
4862,34.63679886,89.37349701,2.744600058,0.068228997,58.92720032,95.37159729
4862.5,40.97449875,1950,2.686100006,0.067241997,54.95019913,92.28579712
4863,73.29989624,102.9461975,2.601099968,0.115898997,53.41090012,92.64269257
4863.5,38.52519989,24.5345993,2.698999882,0.147330999,67.15460205,105.7895966
4864,33.18999863,37.33819962,2.578200102,0.108914003,65.75990295,106.4623032
4864.5,76.03700256,48.03290176,2.594500065,0.113842003,60.90779877,102.0624008
4865,103.6156006,21.23959923,2.676300049,0.214468002,74.23529816,119.1964035
4872.5,102.9375992,21.29910088,2.665600061,0.228635997,71.9056015,125.239296
4873,89.47799683,13.3281002,2.592900038,0.254689992,70.20850372,132.1979065
4873.5,113.3174973,10.44439983,2.747800112,0.225144997,68.8042984,125.9322052
4874,95.67199707,11.17689991,2.699899912,0.228547007,73.0719986,131.8867035
4874.5,90.98960114,8.262000084,2.679199934,0.141972005,66.86579895,129.6184998
4875,48.66559982,11.18550015,2.693500042,0.152795002,62.21839905,118.5442963
4875.5,52.2439003,19.20540047,2.72210002,0.131005004,61.01869965,103.7345963
4876,83.24629974,12.69769955,2.820899963,0.310342014,75.68430328,123.7393951
4876.5,80.64900208,16.21080017,2.853800058,0.294564992,70.46749878,140.5659027
4877,62.75559998,15.48250008,2.664099932,0.337927997,64.97080231,125.0995026
4877.5,62.50590134,13.62300015,2.694999933,0.327551007,63.34210205,118.242897
4878,100.6082993,23.55170059,2.722300053,0.313371003,66.61209869,120.9067917
4878.5,90.14790344,10.60309982,2.691600084,0.312413991,71.32910156,133.5070953
4879,88.54049683,10.66730022,2.684000015,0.318159998,69.93840027,135.6369934
4879.5,91.0298996,10.55200005,2.71329999,0.304116011,68.82340241,129.3320007
4880,100.9033966,11.89340019,2.695600033,0.204786003,67.92269898,123.8420029
4880.5,109.0122986,11.22019959,2.698400021,0.259294003,70.56009674,128.0252075
4881,55.60449982,8.821200371,2.66079998,0.322014988,72.95130158,133.4537048
4881.5,102.5873032,18.12129974,2.702800036,0.321683019,61.12409973,114.0907059
4882,95.41280365,18.25239945,2.690000057,0.320052981,68.33640289,121.2097015
4882.5,104.3607025,10.04329968,2.703200102,0.327210993,71.01190186,139.6103973
4883,105.3912964,9.256899834,2.722899914,0.307195008,72.31710053,135.170105
4883.5,114.0365982,8.852899551,2.712899923,0.208048999,72.10140228,139.7559967
4884,121.0474014,7.172100067,2.630000114,0.136683002,74.3003006,151.3213196
4884.5,115.0934982,7.846899986,2.525099993,0.11479,74.42289734,146.9282074
4885,93.10199738,10.70969963,2.734699965,0.162036985,70.21769714,129.7978058
4885.5,89.62740326,26.44129944,2.74819994,0.229892999,64.94760132,111.4160004
4886,65.29920197,38.70560074,2.630100012,0.186453,57.03340149,98.38639832
4886.5,93.25540161,54.46770096,2.374500036,0.120090999,61.76200104,100.9606094
4887,95.59660339,29.53730011,2.402400017,0.135125995,67.29499817,109.0502014
4887.5,101.6643982,24.87260056,2.665600061,0.221494004,64.87349701,114.9845963
4888,64.30539703,24.88290024,2.701299906,0.247801006,62.62509918,112.4070969
4888.5,69.99949646,46.85919952,2.714799881,0.300117999,58.00899887,104.401001
4889,89.8239975,93.09190369,2.672100067,0.254297018,66.08940125,99.61219788
4889.5,126.6042023,21.48509979,2.672100067,0.202758998,62.37540054,104.7060013
4890,106.0518036,20.34869957,2.701999903,0.214847997,70.16929627,113.7804031
4890.5,110.183403,11.87520027,2.682199955,0.284778982,65.85849762,120.8519974
4891,91.36979675,16.43770027,2.703299999,0.256897003,71.12680054,132.5348969
4891.5,122.1166,24.29430008,2.648900032,0.246779993,64.20249939,118.0093994
4892,107.8619995,12.40869999,2.664499998,0.264232993,71.76069641,131.368103
4892.5,111.6330032,13.17420006,2.702100039,0.290273011,69.12339783,127.2889938
4893,102.9156036,13.69439983,2.722500086,0.306207001,67.35479736,120.1158981
4893.5,103.7866974,14.98999977,2.670799971,0.31050399,67.01619721,121.7900009
4894,117.1764984,14.54310036,2.657200098,0.342696011,67.90440369,121.4244995
4894.5,112.4281006,11.58279991,2.635799885,0.30734399,70.11219788,130.8041992
4895,124.4232025,9.898799896,2.588999987,0.33605203,72.41929627,133.309906
4895.5,133.3386993,9.378600121,2.637300015,0.312653005,74.3164978,137.2816925
4896,102.2053986,9.258399963,2.623800039,0.305491,71.86450195,137.1804962
4896.5,114.4653015,9.700900078,2.872600079,0.287156999,72.04270172,137.3256989
4897,118.6567001,12.18959999,2.726799965,0.288817018,76.06359863,141.2523041
4897.5,80.6312027,12.80249977,2.638099909,0.283849001,73.25150299,139.8278046
4898,81.61219788,9.400300026,2.611500025,0.31436801,69.15910339,125.7792969
4898.5,100.5210037,12.11520004,2.633500099,0.310627013,65.99449921,122.8529968
4899,92.04550171,15.04920006,2.682800055,0.294135004,70.63600159,121.408699
4899.5,90.5440979,14.89529991,2.69449997,0.280853003,72.23880005,130.3804932
4900,100.6499023,14.8824997,2.615999937,0.324642986,71.72850037,130.5180969
4900.5,103.8834992,16.5720005,2.686300039,0.317157,71.12560272,129.6813049
4901,100.3135986,15.73330021,2.674599886,0.321160018,68.80580139,125.393898
4901.5,103.3524017,14.07549954,2.749700069,0.351689994,67.21209717,127.1053009
4902,108.6492996,14.55840015,2.853499889,0.366507977,72.78220367,130.1723938
4902.5,105.1080017,12.14589977,2.75819993,0.364197016,68.9763031,131.1029053
4903,89.8239975,14.73149967,2.673199892,0.379584014,69.91020203,134.2162018
4903.5,85.82080078,18.16279984,2.63560009,0.338665992,66.05619812,128.1513062
4904,92.93800354,13.66779995,2.575400114,0.134162992,65.38189697,131.0444031
4904.5,119.4800034,16.69079971,2.530900002,0.102525994,63.85979843,130.970993
4905,56.7621994,21.32029915,2.550600052,0.110296004,70.61560059,125.5818024
4905.5,52.75159836,76.4260025,2.565399885,0.117363997,67.47019959,111.7882004
4906,45.34889984,236.7476044,2.551500082,0.114314005,61.02859497,97.24859619
4906.5,54.50450134,121.5888977,2.562000036,0.119371995,61.75260162,91.06169891
4907,49.51599884,218.9911957,2.586800098,0.113437004,62.2173996,93.50180054
4907.5,63.06579971,332.5061035,2.560100079,0.118746996,61.77569962,96.80719757
4908,59.27199936,401.2832947,2.562799931,0.136521995,61.79850388,95.11640167
4908.5,44.65570068,187.7182007,2.552000046,0.131972998,60.77179718,94.1115036
4909,71.64080048,191.5684967,2.551399946,0.130723998,61.66490173,93.64450073
4909.5,51.79470062,184.3081055,2.63199997,0.181659997,59.00920105,94.52330017
4910,74.80860138,159.7339935,2.53550005,0.164375991,63.99499893,94.55840302
4910.5,94.54699707,86.40779877,2.286000013,0.081141003,63.80820084,96.33119965
4911,86.938797,27.16130066,2.310400009,0.073498003,62.69020081,114.7009049
4911.5,30.09000015,18.98150063,2.348099947,0.092148997,67.30349731,106.4945984
4912,40.49499893,352.1012878,2.380199909,0.121518999,68.85289764,100.703598
4912.5,32.59769821,681.0471802,2.396100044,0.131285995,73.03769684,107.0941086
4913,81.6969986,191.455307,2.535099983,0.126672,71.30989838,105.5422974
4913.5,50.21490097,64.16619873,2.363199949,0.068955995,69.67320252,106.5198975
4914,29.57769966,11.04100037,2.40019989,0.075429,68.21549988,104.1458969
4914.5,24.43959999,20.40189934,2.440900087,0.086558998,68.33360291,106.2595978
4915,41.09299851,65.6155014,2.458300114,0.108899005,72.52459717,104.2952957
4915.5,64.82610321,53.49269867,2.507200003,0.111088,68.14109802,102.7145004
4916,71.18520355,53.59629822,2.364000082,0.068804003,66.57489777,100.8911972
4916.5,13.31499958,7.364600182,2.29520011,0.049875997,68.32160187,104.0559998
4917,12.56939983,7.045899868,2.35649991,0.057611,69.34410095,105.419899
4917.5,19.82130051,57.87749863,2.334000111,0.065146998,69.42489624,105.6371994
4918,27.69219971,103.5067978,2.334100008,0.067419998,70.26380158,105.3860092
4918.5,27.29000092,332.2637024,2.343199968,0.067916006,71.57740021,107.1184998
4919,33.00540161,976.4727783,2.439500094,0.093977004,72.15219879,107.3087997
4919.5,40.89720154,321.6470032,2.477999926,0.106206998,69.46399689,106.5840988
4920,50.28480148,49.43220139,2.470700026,0.111808002,69.52929688,103.1171036
4920.5,66.1257019,27.35700035,2.559099913,0.102927998,66.61810303,99.41400147
4921,79.66880035,117.6227036,2.44630003,0.113923997,66.43399811,95.85150147
4921.5,49.36529923,48.35720062,2.461800098,0.115019999,62.95149994,90.95429993
4922,52.10929871,17.90089989,2.536000013,0.089194,65.93659973,101.3735962
4922.5,63.68560028,15.07759953,2.595000029,0.102885,60.29729843,93.13610077
4923,37.16260147,1.969499946,2.533499956,0.099150002,62.7521019,99.74389648
4923.5,63.08440018,6.381599903,2.50970006,0.109161995,66.08350372,95.83409882
4924,144.2319946,27.98040009,2.39470005,0.134173006,66.83460236,96.9272995
4924.5,140.7752991,89.61519623,2.385799885,0.142650008,71.17690277,104.4667053
4925,90.48259735,38.03760147,2.370699883,0.138361991,71.27829742,108.2773972
4925.5,84.23410034,73.15260315,2.396100044,0.145695001,71.45639801,109.2739029
4926,86.47720337,273.6781921,2.394900084,0.126790002,70.1765976,105.3890991
4926.5,58.70750046,59.65470123,2.466300011,0.124426,69.92960358,105.3976975
4927,17.82600021,5.331299782,2.597899914,0.093760006,66.64499664,104.8823013
4927.5,12.86800003,9.232000351,2.336999893,0.047470003,67.14499664,101.084198
4928,18.41889954,672.9359741,2.356400013,0.045339,68.93360138,103.242897
4928.5,32.11029816,34.8423996,2.414599896,0.0625,67.78669739,99.75650024
4929,30.67099953,21.61490059,2.449300051,0.092719004,67.8065033,100.0261917
4929.5,32.30739975,21.25419998,2.359499931,0.101461001,67.3214035,102.8947983
4930,41.11989975,24.88649941,2.361500025,0.100037001,67.47350311,101.538002
4930.5,66.20739746,4.004899979,2.386300087,0.100455999,67.20089722,98.42209625
4931,68.94000244,5.758999825,2.378999949,0.091137998,67.26390076,100.7333984
4931.5,61.65969849,67.00489807,2.342799902,0.078304,69.39109802,104.3078995
4932,81.76110077,125.5100021,2.344799995,0.075102001,70.50370026,103.7949982
4932.5,40.86930084,57.84059906,2.393300057,0.110483997,70.42810059,106.739502
4933,66.54119873,70.19860077,2.382600069,0.093786001,68.73729706,107.6929016
4933.5,92.5388031,64.42739868,2.449599981,0.124060005,69.84279633,105.0562973
4934,103.2549973,183.8383026,2.450599909,0.146965995,71.46340179,108.6363983
4934.5,120.2651978,71.04070282,2.328399897,0.093051001,71.03869629,107.6275024
4935,88.24919891,34.23460007,2.3204,0.112117007,69.75389862,109.0887985
4935.5,125.3085022,27.97520065,2.366499901,0.140218005,70.37359619,109.7401962
4936,142.8179932,43.55599976,2.369100094,0.16500999,72.00650024,107.3470993
4936.5,143.6300049,1950,2.385200024,0.161375001,70.81800079,108.9493027
4937,168.4037933,477.5755005,2.421900034,0.143867999,70.05259705,108.5794983
4937.5,100.3878021,417.0805054,2.371599913,0.099208005,69.76689911,107.6558991
4938,74.7928009,255.929596,2.401799917,0.105965994,68.73670197,107.8475037
4938.5,55.45399857,93.3015976,2.361900091,0.121090002,68.81400299,105.9588089
4939,94.13210297,124.0430985,2.354899883,0.129330993,68.28970337,103.2786026
4939.5,94.49250031,1060.399414,2.34829998,0.135489002,71.02559662,107.3433991
4940,98.42169952,88.65519714,2.353199959,0.147173002,71.25569916,108.8074036
4940.5,96.79070282,322.2146912,2.390500069,0.156920999,70.93869782,109.4337997
4941,95.74949646,1273.660278,2.375999928,0.152042002,71.24559784,108.0456009
4941.5,69.49759674,1483.8479,2.356300116,0.146641001,70.89320374,106.7845993
4942,59.08530045,655.5714111,2.398200035,0.149810001,70.55339813,106.0802994
4942.5,67.09089661,358.0563965,2.462599993,0.135750994,71.9910965,107.3828964
4943,49.02389908,100.9308014,2.501300097,0.12520799,71.54779816,107.7546997
4943.5,55.60150147,21.58110046,2.512399912,0.122102,66.21050263,100.4679031
4944,79.82089996,29.47859955,2.505899906,0.128463,66.57630158,101.3246994
4944.5,84.48449707,37.68050003,2.410700083,0.126103997,66.01699829,96.46970367
4945,88.79810333,36.49219894,2.419199944,0.119851999,64.76930237,98.94020081
4945.5,83.95970154,49.35559845,2.387399912,0.112273999,69.25319672,105.1472015
4946,83.70559692,165.3715973,2.323600054,0.098949,65.44319916,105.3615036
4946.5,85.22930145,363.3533936,2.304500103,0.098150998,69.02249908,102.9496002
4947,38.42250061,255.9792938,2.298599958,0.089070998,68.85919952,105.4681091
4947.5,62.84489822,381.4591065,2.388700008,0.126620993,72.61070252,106.4094009
4948,46.50979996,53.07989883,2.461800098,0.129514992,71.61669922,110.7360992
4948.5,23.62400055,6.045000076,2.309700012,0.067779996,69.00810242,106.9729004
4949,21.93120003,221.0402069,2.308000088,0.056745,70.57420349,105.2954025
4949.5,16.72400093,1172.349365,2.351099968,0.062979996,70.20230103,104.1057968
4950,10.05259991,235.8992004,2.3131001,0.047447,68.87580109,103.3539963
4950.5,12.61559963,29.20269966,2.325299978,0.043804001,68.37740326,103.2349014
4951,25.81060028,4.536900044,2.435199976,0.059700999,67.50589752,103.6496964
4951.5,18.87800026,1.356400013,2.347700119,0.052691001,63.55880356,101.7570038
4952,24.32600021,3.354000092,2.322999954,0.049766,70.01959992,101.3275986
4952.5,30.1685009,43.48130035,2.355400085,0.051291999,68.90319824,101.8404999
4953,23.4741993,1950,2.334199905,0.050072998,69.29190064,99.90730286
4953.5,25.83709908,77.37750244,2.372600079,0.049415998,67.77469635,101.3031006
4954,35.84400177,39.81650162,2.379199982,0.049102999,65.0381012,100.7565002
4954.5,39.40480042,1.78760004,2.496900082,0.078593001,62.92739868,96.3946991
4955,25.89150047,5.99819994,2.375499964,0.058010999,65.53369904,96.13580322
4955.5,29.54000092,34.10070038,2.365200043,0.047373999,65.86640167,103.8373032
4956,30.85759926,8.387000084,2.529999971,0.061739996,64.39929962,104.0614014
4956.5,30.82789993,1.373399973,2.388799906,0.068558,66.90769959,99.33319855
4957,49.26269913,23.29210091,2.492199898,0.091650002,64.03029633,96.60399628
4957.5,48.51800156,4.09070015,2.495599985,0.095017999,61.02519989,98.70970154
4958,47.74980164,28.27560043,2.548500061,0.076682001,66.0664978,93.6785965
4958.5,29.43479919,5.833199978,2.43569994,0.060293004,65.37339783,96.13430023
4959,33.31110001,19.91570091,2.442199945,0.061115999,65.53019714,96.18229675
4959.5,24.73819923,19.87730026,2.389400005,0.054665998,63.75099945,98.10320282
4960,37.69660187,13.70960045,2.390399933,0.066563003,66.80840302,97.51429749
4960.5,42.35520172,264.5964966,2.374700069,0.069545999,68.30989838,101.4021988
4961,32.82709885,181.5317993,2.375999928,0.056809001,70.73049927,105.3638001
4961.5,44.99200058,60.05070114,2.324899912,0.054837,63.99679947,102.7353973
4962,50.42229843,222.0740051,2.352400065,0.066557996,69.95680237,103.4229965
4962.5,57.89849854,1210.314087,2.317100048,0.073251002,67.1038971,106.7233887
4963,72.82700348,597.3375855,2.391700029,0.093049005,69.97090149,104.5955963
4963.5,88.94059753,304.910614,2.371999979,0.111018002,67.92279816,106.6094971
4964,80.70020294,118.7294998,2.430799961,0.136040002,68.0719986,106.5150986
4964.5,48.7881012,33.70709992,2.430000067,0.120640002,66.92970276,106.325798
4965,32.94689941,34.78279877,2.316800118,0.074450001,68.38860321,104.3117981
4965.5,53.72119904,130.5422974,2.305599928,0.071623996,69.79149628,107.0000992
4966,57.05279923,465.921814,2.314399958,0.085713998,72.86470032,109.4311066
4966.5,55.70909882,419.5952148,2.326999903,0.084469996,70.88410187,109.8607025
4967,66.12210083,327.9065857,2.380000114,0.102594003,70.20259857,107.7005005
4967.5,58.87210083,149.2814026,2.399699926,0.097085998,66.45500183,107.2179031
4968,75.00650024,170.2494965,2.359100103,0.093686998,70.09950256,103.0460968
4968.5,48.06060028,114.2776032,2.400300026,0.102557004,69.50730133,106.6348114
4969,28.34930039,87.5707016,2.4375,0.107889004,70.01090241,101.5566025
4969.5,49.15380096,85.36380005,2.382600069,0.085831001,71.2519989,107.6123962
4970,36.84680176,234.5003052,2.420599937,0.103468001,68.75910187,101.8476028
4970.5,40.88570023,1071.036865,2.485800028,0.115451001,64.85220337,102.0459976
4971,23.24360085,814.3889771,2.461499929,0.115450002,64.60500336,99.21259308
4971.5,8.847999573,1117.186646,2.426199913,0.070749998,66.66529846,96.21620178
4972,14.81569958,1846.058472,2.428900003,0.048441,61.69300079,96.42900085
4972.5,9.440799713,1950,2.401900053,0.046687003,68.72989655,100.5354996
4973,12.12819958,1950,2.39350009,0.033702999,64.24150085,102.1731033
4973.5,8.083600044,1914.636597,2.360699892,0.032212999,64.63289642,96.43990326
4974,15.11620045,797.5872803,2.438999891,0.065968998,64.94580078,96.51270294
4974.5,21.87380028,244.5892029,2.480099917,0.087235004,61.5196991,96.2292099
4975,23.35750008,188.978302,2.483799934,0.097768001,65.94709778,97.06529999
4975.5,16.15369988,188.4846039,2.44810009,0.069481,65.69819641,99.33159638
4976,21.99830055,231.6802063,2.458300114,0.098670997,64.77400208,96.94509888
4976.5,51.57860184,304.6411133,2.52579999,0.123725995,65.72270203,101.0720978
4977,12.12440014,303.5708923,2.456099987,0.079949997,62.33750534,99.41369629
4977.5,17.06620026,740.5507813,2.470799923,0.066124,63.07040024,93.04789734
4978,22.90509987,713.8712769,2.49029994,0.081955999,64.8506012,94.64510346
4978.5,26.96899986,472.9171143,2.464799881,0.084248997,63.89110565,95.395401
4979,14.84070015,437.5974121,2.430299997,0.062445,65.03720093,95.69950104
4979.5,21.54870033,764.1035156,2.467099905,0.076599002,64.24299622,96.11070252
4980,20.45709992,543.3947754,2.460799933,0.084036,63.47980118,98.47319031
4980.5,21.10510063,299.0107117,2.478199959,0.085565999,64.01779938,94.34320068
4981,17.09119988,233.8829956,2.490400076,0.081955999,64.11630249,96.06799316
4981.5,14.81760025,252.8527985,2.436199904,0.074005999,64.17520142,96.36239624
4982,13.66009998,358.1274109,2.418299913,0.056671001,64.9477005,95.62110138
4982.5,8.99750042,683.3303223,2.378400087,0.041410998,67.14170075,97.29979706
4983,11.22729969,765.6364746,2.487999916,0.047034003,64.41410065,96.59070587
4983.5,12.57289982,510.5736084,2.405100107,0.041196,63.55700302,95.58670044
4984,13.43529987,458.3403931,2.432199955,0.053817,64.1875,94.59570313
4984.5,21.57719994,206.2861939,2.484100103,0.071139,63.81679535,95.90618897
4985,18.43110085,140.6324005,2.421000004,0.07863,65.00499725,95.42041016
4985.5,14.04730034,175.6454926,2.422600031,0.062287003,65.68280029,96.11460114
4986,13.50279999,227.9582977,2.397799969,0.048726,66.69650269,98.38500214
4986.5,8.87100029,328.2475891,2.431200028,0.063421004,64.51860046,97.08950043
4987,10.34720039,258.515686,2.446700096,0.057551999,64.17680359,95.49890137
4987.5,14.51340008,210.4107971,2.453399897,0.063232996,65.51360321,97.67310333
4988,10.98390007,224.0646057,2.408699989,0.044424001,62.5848999,96.28659821
4988.5,11.85289955,328.0346985,2.405100107,0.041711997,63.57539749,92.51830292
4989,9.563099861,228.4226074,2.417700052,0.043176998,64.16120148,94.56430054
4989.5,12.97920036,204.6611939,2.438499928,0.061616998,63.80170059,93.99079895
4990,10.59109974,96.24510193,2.423000097,0.061228,64.6242981,95.43431091
4990.5,8.738800049,88.56199646,2.390599966,0.040100001,65.48729706,95.81710053
4991,11.3039999,134.4347992,2.392400265,0.038181,63.79909897,94.4394989
4991.5,11.13500023,178.5550995,2.446899891,0.049078997,61.70259857,93.65010834
4992,8.375900269,84.57800293,2.399800062,0.048941001,65.35220337,95.46710205
4992.5,9.701999664,55.02330017,2.424099922,0.056118999,66.57820129,94.54639435
4993,12.57960033,44.31129837,2.425699949,0.071709,62.99140167,96.770401
4993.5,11.24510002,30.54610062,2.465800047,0.078433998,64.78780365,95.59770203
4994,12.13560009,30.03689957,2.41869998,0.077381,64.48609924,95.26789856
4994.5,9.271100044,26.49180031,2.435899973,0.077094004,64.11930084,95.76010132
4995,8.075900078,25.39279938,2.43930006,0.073739,64.21109772,96.77020264
4995.5,10.32830048,32.32929993,2.437200069,0.066701002,64.47450256,95.6038971
4996,20.16460037,31.08200073,2.455600023,0.087698005,63.56489945,97.54869843
4996.5,22.47960091,28.08130074,2.473599911,0.090068996,66.063797,96.64610291
4997,17.10079956,29.67140007,2.414400101,0.092039004,65.30899811,97.70210266
4997.5,20.22920036,23.20240021,2.388900042,0.094053,67.14080048,98.98410034
4998,65.98770142,22.31819916,2.505100012,0.134146988,66.57990265,104.7683029
4998.5,12.60179997,38.40969849,2.504400015,0.135255009,64.91069794,100.4662018
4999,9.452300072,27.20890045,2.421299934,0.083669998,66.4885025,97.92280579
4999.5,13.20829964,22.97789955,2.431200028,0.080946997,65.98529816,99.34400177
5000,11.23309994,27.24550057,2.446399927,0.086701006,64.34880066,98.97859955
5000.5,15.72049999,26.22780037,2.41260004,0.084725998,65.59449768,98.61019135
5001,12.18610001,28.39430046,2.429699898,0.086042993,64.35590363,96.85949707
5001.5,14.37100029,26.84420013,2.429500103,0.090211004,63.94269943,97.74330139
5002,19.27630043,25.63129997,2.415299892,0.094617993,65.2736969,96.94419861
5002.5,17.7635994,25.23509979,2.449800015,0.090053998,64.6882019,97.78980255
5003,17.14080048,27.47900009,2.452399969,0.087240003,64.813797,97.42180634
5003.5,8.993499756,27.78009987,2.436500073,0.091045,65.00650024,97.21180725
5004,15.78460026,30.06049919,2.445300102,0.092753001,65.42099762,99.64969635
5004.5,13.49120045,26.43549919,2.434999943,0.084416002,65.21080017,98.57398987
5005,11.01200008,24.81349945,2.411099911,0.083823994,66.02359772,99.0766983
5005.5,13.93019962,23.55060005,2.442500114,0.083851002,65.0585022,100.7650986
5006,8.541099548,22.73159981,2.414800167,0.089484997,65.39510346,98.83519745
5006.5,17.97480011,21.93600082,2.457499981,0.088037007,66.42890167,100.9738007
5007,17.53590012,19.49489975,2.42930007,0.083336003,66.03230286,99.87339783
5007.5,13.6942997,21.10720062,2.427599907,0.076784,65.29440308,98.95410156
5008,11.54510021,22.42980003,2.445100069,0.073256001,66.35430145,99.5714035
5008.5,12.20479965,27.84189987,2.420900106,0.076843999,64.02539825,96.26348877
5009,8.021400452,29.56900024,2.450599909,0.078165002,64.45379639,96.43270111
5009.5,7.558100224,21.72229958,2.434099913,0.085642994,64.39019775,96.36289978
5010,12.36410046,18.76189995,2.428499937,0.087742999,65.55249786,97.126297
5010.5,13.19069958,17.94120026,2.49729991,0.081153005,64.74120331,99.9803009
5011,19.76329994,18.67210007,2.468899965,0.082379997,63.88010025,97.10579681
5011.5,21.55170059,24.25279999,2.460700035,0.091043994,61.74259949,98.5562973
5012,12.65820026,27.65940094,2.419500113,0.086836003,64.04479981,98.46929932
5012.5,11.7592001,16.01370049,2.414499998,0.102243006,65.92269898,97.81099701
5013,13.0291996,15.33460045,2.410200119,0.116560005,64.94419861,101.0615997
5013.5,18.59690094,14.87800026,2.548799992,0.140797004,68.91870117,103.128006
5014,52.21799851,13.5145998,2.528600216,0.101896003,67.8640976,105.0982971
5014.5,30.24139977,31.13190079,2.46690011,0.101674996,62.01950073,97.52410126
5015,11.30669975,31.31100082,2.420000076,0.079604998,64.93370056,93.01200104
5015.5,6.512199879,23.39380074,2.439899921,0.076212004,64.4477005,97.48809815
5016,7.490799904,25.49550057,2.403700113,0.073399,63.76309586,95.75350189
5016.5,4.265699863,18.59740067,2.430799961,0.072379001,63.22109604,95.88339996
5017,5.550499916,15.72889996,2.412100077,0.074713998,63.16210175,95.35790253
5017.5,4.945600033,14.0649004,2.420900106,0.076588005,63.98020172,95.61620331
5018,9.496199608,13.64340019,2.446700096,0.085031003,63.60949707,95.14900208
5018.5,9.431200028,12.44779968,2.40079999,0.090884998,64.60279846,98.10009766
5019,6.594399929,10.6086998,2.398099899,0.096035004,63.92750168,97.85399628
5019.5,10.25710011,9.536000252,2.411200047,0.095391996,63.45809937,97.95420837
5020,11.17090035,8.050499916,2.424400091,0.097668998,64.40499878,98.47419739
5020.5,14.22490025,5.622600079,2.469300032,0.094426006,63.94400024,97.78540039
5021,11.22729969,7.099999905,2.44720006,0.099905007,64.12110138,100.5118027
5021.5,16.48310089,8.345499992,2.404900074,0.108521007,67.27749634,99.05889893
5022,14.82339954,7.767700195,2.424799919,0.110256001,68.70770264,103.3370972
5022.5,18.03310013,7.818799973,2.493099928,0.118916996,70.3309021,102.4082031
5023,43.62200165,7.971799851,2.532099962,0.114500001,63.95320129,100.7500992
5023.5,23.85029984,13.3501997,2.504400015,0.095494002,64.42610169,98.35630035
5024,8.393699646,10.90089989,2.426700115,0.090958998,64.93409729,101.5975037
5024.5,11.32149983,9.080400467,2.467799902,0.100444004,66.22779846,96.92469788
5025,26.96710014,8.604299545,2.485500097,0.109197997,65.040802,100.2638016
5025.5,9.877099991,9.788000107,2.410900116,0.097746998,63.3614006,98.17539978
5026,10.34150028,6.806200028,2.420000076,0.103533,65.47509766,99.31390381
5026.5,8.536000252,4.512700081,2.403800011,0.099638999,65.57340241,100.767601
5027,9.0958004,5.285299778,2.413899899,0.095730998,65.53890228,98.79599762
5027.5,9.048899651,5.554399967,2.430799961,0.098054998,66.58679962,99.16009522
5028,10.21030045,5.93170023,2.405200005,0.096121997,65.88639832,99.69840241
5028.5,8.25399971,5.919199944,2.408699989,0.10142,65.64320374,99.167099
5029,21.13570023,5.403299809,2.458400011,0.123919003,67.93229675,104.0427017
5029.5,14.21420002,7.417900085,2.402699947,0.101807006,64.64260101,101.3368988
5030,5.456999779,5.579999924,2.406599999,0.102334,66.31140137,101.1167984
5030.5,7.347300053,5.27820015,2.388799906,0.106445,66.42230225,101.7398987
5031,9.784799576,4.654900074,2.443000078,0.106034003,66.06089783,102.6656036
5031.5,25.72410011,5.931799889,2.421600103,0.108195998,64.57389832,100.5401993
5032,7.256899834,7.101299763,2.387599945,0.111470006,63.8506012,101.325798
5032.5,9.43350029,5.084400177,2.397099972,0.112002999,67.48139954,105.4223023
5033,12.23149967,4.63199997,2.407900095,0.113490999,67.97109985,104.3197022
5033.5,10.84210014,4.825399876,2.394099951,0.107784003,67.04869843,103.8324966
5034,13.97859955,4.999700069,2.394099951,0.102447994,66.69450378,103.1243973
5034.5,10.17160034,4.954999924,2.406500101,0.111004002,66.13980103,102.4834061
5035,12.59539986,4.662199974,2.407000065,0.110969,65.73490143,102.2545929
5035.5,10.52219963,5.499199867,2.40350008,0.103588998,65.12000275,102.110199
5036,12.92780018,5.660299778,2.405299902,0.105543003,65.62010193,102.1483002
5036.5,12.67790031,5.773099899,2.400300026,0.105007999,66.3757019,101.1887054
5037,9.775500298,5.396100044,2.402499914,0.104212001,65.32209778,102.6563034
5037.5,8.396900177,4.971799851,2.405600071,0.111377001,66.24169922,102.5618973
5038,19.93099976,5.592199802,2.435199976,0.108825997,67.21050263,103.9256973
5038.5,17.91259956,6.106599808,2.413800001,0.115217999,67.01709747,103.1824036
5039,15.72789955,5.279200077,2.39109993,0.123062998,68.25579834,103.6116028
5039.5,6.686900139,5.452499867,2.395200014,0.113175005,67.70649719,104.3656006
5040,51.08119965,7.730999947,2.517499924,0.124894999,61.57979965,101.803299
5040.5,31.55520058,13.25500011,2.564500094,0.158785,61.34740067,98.63639832
5041,15.3803997,8.033200264,2.434600115,0.125778005,67.22859955,99.10169983
5041.5,19.57069969,6.970499992,2.420300007,0.106050998,66.02410126,101.8382111
5042,12.59539986,7.856699944,2.466799974,0.096170999,65.27429962,100.3470993
5042.5,14.30980015,6.474299908,2.421200037,0.095445007,64.7888031,100.2401962
5043,9.096599579,4.798999786,2.413399935,0.097081006,65.61519623,100.2137985
5043.5,7.337999821,5.151000023,2.403300047,0.098418996,64.89640045,101.0045929
5044,12.79300022,5.26940012,2.388200045,0.094638005,65.03639984,100.9522018
