DEPT,ECGR,RD,TNPH,RHOB,DTCO,DTSM
4784,64.83039856,12.38560009,0.120551996,2.707400084,62.76129913,102.0354919
4784.5,78.46589661,15.60060024,0.100428,2.680999994,61.86969757,100.5216904
4785,67.80919647,13.87979984,0.113006003,2.691999912,64.06510162,104.0917969
4785.5,67.83390045,17.13730049,0.104771003,2.693799973,63.48999786,103.4869003
4786,82.17379761,12.67440033,0.116600998,2.659499884,62.55189896,100.9208984
4786.5,63.84790039,13.30860043,0.119557999,2.681400061,62.36899948,99.73169708
4787,82.19329834,14.87919998,0.098679997,2.711699963,60.50970078,99.59369659
4787.5,63.30360031,18.53070068,0.101976998,2.699399948,61.68989945,100.4151993
4788,74.4437027,16.09410095,0.101192996,2.708600044,60.96730042,98.83760071
4788.5,75.16670227,22.78700066,0.100409001,2.717700005,60.60399628,98.7480011
4789,68.15070343,15.75249958,0.103035003,2.725300074,62.54550171,101.0410004
4789.5,87.68199921,20.31539917,0.093938001,2.710700035,62.64920044,101.7847977
4790,69.64849854,15.55959988,0.106654994,2.703900099,62.02210236,101.4687958
4790.5,78.29489899,14.00629997,0.101884,2.672600031,63.78699875,103.7630997
4791,65.42620087,14.16040039,0.105415002,2.706099987,64.11940002,104.5706101
4791.5,68.50969696,13.24660015,0.110474996,2.663300037,62.92819977,103.5854034
4792,67.48329926,11.66069984,0.11208,2.694299936,63.14759827,104.0616913
4792.5,83.52380371,12.59049988,0.124541,2.708800077,62.32570267,101.7164993
4793,73.85520172,11.41730022,0.134002999,2.725899935,61.01599884,99.65390015
4793.5,63.56029892,11.37709999,0.118957005,2.706700087,62.23040009,103.233902
4794,70.33010101,11.92549992,0.106694005,2.727400065,64.09210205,106.7090073
4794.5,75.73529816,12.79339981,0.131615996,2.737900019,63.81729889,105.8759003
4795,80.16790009,10.31709957,0.152313992,2.713900089,63.89550018,106.3181
4795.5,75.76889801,10.69120026,0.143116996,2.725300074,64.31040192,106.4585037
4796,78.30480194,9.92650032,0.147707999,2.728499889,61.91960144,101.4577026
4796.5,74.17549896,9.932299614,0.145236,2.716700077,62.91360474,102.8730011
4797,78.36759949,10.98320007,0.121850997,2.721600056,62.53779984,102.6998978
4797.5,77.22049713,12.27449989,0.124353997,2.722700119,62.34169769,102.8960037
4798,87.74629974,11.55580044,0.126856998,2.723799944,62.25189972,101.3729019
4798.5,74.17269898,13.08390045,0.129163995,2.738600016,61.67490006,101.8225098
4799,69.8852005,11.77910042,0.113189004,2.721999884,62.17589951,102.5815964
4799.5,73.44339752,13.09560013,0.117261,2.725899935,63.17839813,103.6737976
4800,69.49590302,14.2784996,0.126050994,2.747999907,61.70869827,101.9000015
4800.5,76.29239655,10.60709953,0.123515993,2.734999895,61.71669769,100.9644013
4801,76.05059815,11.48120022,0.121951997,2.723400116,61.89580154,101.5170975
4801.5,66.37850189,15.56029987,0.114363,2.724699974,62.98770142,103.5262909
4802,64.53510284,11.56270027,0.115361005,2.728699923,62.84830093,103.9952927
4802.5,71.07150269,11.40639973,0.131526008,2.722800016,62.48070145,102.2832031
4803,59.63999939,10.65530014,0.139718995,2.728199959,63.8443985,103.8595047
4803.5,80.09459686,11.04749966,0.123558998,2.734100103,64.53469849,104.7979889
4804,73.05509949,12.65530014,0.123314999,2.699899912,61.36930084,99.63220215
4804.5,87.1713028,10.45979977,0.147534996,2.691999912,61.57830048,103.2898102
4805,43.9980011,11.0394001,0.136550993,2.722800016,62.92279816,103.2254028
4805.5,53.80059815,21.14889908,0.093186997,2.664599896,62.20530319,101.311203
4806,63.16790009,15.61340046,0.132151008,2.733200312,64.50550079,105.1468887
4806.5,66.18470001,18.39940071,0.12049,2.697700024,67.15200043,115.6786957
4807,108.2554016,13.25839996,0.151023001,2.701600075,63.5746994,107.1492004
4807.5,77.6384964,8.703300476,0.181556001,2.70539999,66.95980072,113.2050018
4808,71.45089722,6.836200237,0.136372998,2.678100109,59.68059921,99.04199982
4808.5,63.8504982,23.3409996,0.146633998,2.674299955,65.22730255,108.6552963
4809,86.11969757,8.677499771,0.150877997,2.673599958,62.33050156,101.4708023
4809.5,81.47679901,21.72319984,0.179784998,2.727499962,63.25690079,104.8074036
4810,66.64199829,11.38790035,0.110866003,2.721100092,60.15829849,98.76629639
4810.5,62.18170166,14.35079956,0.128582999,2.762599945,65.81369782,112.6125031
4811,71.99780273,11.53409958,0.113368996,2.70630002,67.93139648,117.1302033
4811.5,92.50689697,28.63899994,0.147615001,2.696799994,59.77019882,95.99369049
4812,70.05290222,7.743199825,0.180683002,2.712300062,63.74909973,109.2289963
4812.5,36.97909927,7.449200153,0.112976,2.685899973,72.03780365,130.7041016
4813,62.06029892,20.49099922,0.090518996,2.668400049,77.48101044,144.3363037
4813.5,89.52059937,19.68860054,0.238582999,2.709500074,63.27349854,105.6825028
4814,93.31259918,5.173099995,0.287746996,2.711600065,63.82149887,106.1832962
4814.5,64.56230164,3.976799965,0.173505992,2.770600081,67.34290314,115.6893005
4815,71.90450287,9.597100258,0.167954013,2.71420002,65.90550232,114.9219971
4815.5,75.06759644,12.98639965,0.212225005,2.738699913,69.62129974,131.4790039
4816,78.84500122,7.644199848,0.171608999,2.683399916,71.70639801,129.1253052
4816.5,74.06030273,8.728500366,0.194958001,2.700299978,69.53500366,121.5314026
4817,80.5943985,6.806399822,0.211800993,2.727999926,65.24240112,112.0223007
4817.5,82.68440247,8.346199989,0.202586994,2.719099999,71.92829895,133.3307953
4818,83.93890381,8.980199814,0.214454994,2.752399921,78.6108017,150.0863953
4818.5,108.8626022,6.544499874,0.277029008,2.707099915,69.58779907,125.4350967
4819,86.74649811,4.075799942,0.256586999,2.725399971,74.30639648,142.2630005
4819.5,101.9524994,4.769599915,0.231368005,2.763499975,71.86650085,136.077301
4820,96.26000214,5.414199829,0.344547987,2.799799919,71.73220062,137.3218994
4820.5,90.24970245,4.722300053,0.32317102,2.916699886,72.74040222,138.2707977
4821,78.22650147,6.148700237,0.334266007,2.782200098,71.65249634,137.0955963
4821.5,85.37519836,4.844799995,0.337806016,2.795300007,70.87419891,134.7236023
4822,85.56960297,5.508500099,0.296490014,2.764199972,71.52200317,136.8424988
4822.5,93.46240234,5.792300224,0.335456014,2.770800114,73.72850037,143.0108032
4823,96.38809967,5.485799789,0.341811985,2.752300024,75.63150024,147.1427002
4823.5,99.23449707,4.975800037,0.367913008,2.798799992,75.51460266,145.547699
4824,111.6063004,4.486499786,0.402453989,2.76060009,76.62330627,148.7546997
4824.5,106.689003,4.183599949,0.389488995,2.752300024,77.38359833,152.5305023
4825,107.6341019,4.372000217,0.364897996,2.748100042,78.87680054,151.3078919
4825.5,96.35440064,3.977799892,0.376738012,2.746299982,71.79380035,132.1354065
4826,87.15969849,4.548200131,0.319770992,2.746900082,66.45290375,114.1138001
4826.5,74.43579865,8.526000023,0.23702699,2.80250001,66.97979736,115.8963013
4827,92.4960022,10.48139954,0.206187993,2.73029995,69.26029968,115.8153992
4827.5,93.20420075,10.8817997,0.218393996,2.7651999,62.16279984,103.5402985
4828,78.94390106,11.90719986,0.187436014,2.725699902,64.79000092,110.7501984
4828.5,100.1334992,13.03369999,0.189664006,2.736900091,66.54589844,114.1031036
4829,87.9940033,9.728300095,0.21265699,2.738600016,67.20670319,119.1220017
4829.5,87.82550049,9.723500252,0.210159004,2.73300004,61.20000076,104.016098
4830,73.51950073,11.06649971,0.162677005,2.721899986,64.56790161,101.9972
4830.5,101.9932022,24.07519913,0.141497999,2.725699902,67.00140381,107.5938034
4831,109.8710022,20.04999924,0.200734004,2.741300106,67.19680023,116.3943024
4831.5,83.70960236,14.79829979,0.204169005,2.724100113,60.76490021,112.1673966
4832,106.6585999,6.783599854,0.193815008,2.723599911,69.19069672,120.0893021
4832.5,102.4878006,7.716599941,0.260953993,2.743700028,69.27610016,125.4748001
4833,101.4088974,8.000200272,0.260955989,2.752199888,69.29949951,123.9989014
4833.5,104.6350021,8.043399811,0.247857004,2.742000103,70.37989807,124.8751984
4834,120.1678009,6.71780014,0.261487007,2.744499922,69.27100372,123.4888916
4834.5,105.5752029,6.863699913,0.238078997,2.740400076,67.11250305,117.055603
4835,93.17720032,8.065999985,0.228405997,2.77670002,67.24120331,117.496109
4835.5,87.70140076,8.798800468,0.227164,2.741899967,67.74559784,119.0664902
4836,97.47419739,9.055500031,0.232010007,2.748300076,68.40460205,119.531601
4836.5,90.063797,8.005200386,0.208330989,2.721899986,67.75250244,116.146698
4837,78.08560181,8.390099526,0.179218009,2.719000101,64.67990112,106.3990021
4837.5,98.31310272,9.863599777,0.162499011,2.787699938,61.80849838,103.0560989
4838,80.64820099,11.80879974,0.161515996,2.716100216,63.59149933,107.4336014
4838.5,95.123703,11.38679981,0.188682988,2.752099991,65.68710327,113.1598969
4839,81.76399994,12.05220032,0.180287987,2.71269989,63.98820114,108.5177994
4839.5,54.62540054,12.48400021,0.159500003,2.707000017,64.36019898,100.9872971
4840,70.07730103,13.76500034,0.130915999,2.700400114,60.95489883,97.65959168
4840.5,110.4714966,20.17180061,0.181928009,2.743599892,67.42900085,120.6579971
4841,108.2219009,11.27210045,0.239687011,2.749000073,68.74030304,123.5924988
4841.5,108.0506973,8.847399712,0.257968009,2.727300167,72.3538971,134.7666016
4842,107.4363022,6.515500069,0.314741015,2.790699959,75.125,145.6730957
4842.5,127.2844009,5.278800011,0.33910501,2.744399786,76.85189819,149.0883026
4843,113.6533966,4.551799774,0.338180989,2.751699925,77.43180084,148.8728943
4843.5,117.4559021,4.37349987,0.370974004,2.732500076,76.67960358,146.7427063
4844,122.1752014,4.261300087,0.342475027,2.749500036,74.12059784,142.5444946
4844.5,124.888298,4.354599953,0.363945007,2.769999981,76.44290161,150.7837067
4845,110.6818008,4.158599854,0.383165002,2.7348001,76.34120178,148.7996979
4845.5,111.1521988,4.047999859,0.381192029,2.74180007,77.94319916,152.5558014
4846,109.2797012,4.186500073,0.374550998,2.738300085,77.64479828,152.1781006
4846.5,118.9296036,4.110000134,0.392500013,2.717299938,76.8789978,150.9176025
4847,117.3993988,4.125,0.37282902,2.738500118,77.10690308,151.2286987
4847.5,122.075798,4.346700192,0.378517002,2.758599997,76.53940582,150.1562042
4848,119.1160965,4.303800106,0.362722009,2.742199898,77.14929962,146.1089935
4848.5,127.1567993,4.429200172,0.376430005,2.760699987,74.50309753,144.2033997
4849,127.0356979,4.798699856,0.362825006,2.734600067,69.8246994,139.5205994
4849.5,110.2375031,5.218200207,0.333284974,2.735300064,74.34649658,139.8079987
4850,118.8025971,5.722499847,0.355271995,2.738500118,74.7574997,143.9622955
4850.5,108.1827011,5.670400143,0.369099021,2.73939991,78.10579681,151.5455017
4851,121.8756027,4.70690012,0.364697009,2.742500067,74.55169678,143.368103
4851.5,112.1657028,4.341400147,0.343567014,2.712199926,76.30690002,148.0966034
4852,100.8050003,5.048999786,0.361960977,2.730999947,77.67870331,153.1687927
4852.5,108.2531967,3.962500095,0.413699985,2.836199999,76.2039032,149.9766998
4853,117.7873001,4.361499786,0.409359008,2.785099983,78.43119812,155.7364044
4853.5,129.1625061,3.825299978,0.409364015,2.736900091,79.0326004,154.7595062
4854,118.6006012,3.695300102,0.390805006,2.744800091,77.8667984,151.2934113
4854.5,127.5474014,4.049900055,0.372246027,2.752799988,78.18890381,151.7473145
4855,131.2828064,4.320099831,0.373240024,2.75180006,76.13929749,145.6000977
4855.5,132.1529999,4.720099926,0.363389015,2.757499933,74.52909851,142.6985016
4856,130.2028961,4.777500153,0.357919008,2.743400097,76.05500031,152.5626984
4856.5,130.6835938,4.836999893,0.371565998,2.728600025,82.66960144,169.3663025
4857,124.3772965,4.71969986,0.390704006,2.717099905,86.00250244,165.8851013
4857.5,116.5389023,3.272599936,0.384327024,2.717000008,79.82510376,151.8144074
4858,90.80039978,1.955500007,0.335892975,2.709800005,73.57440186,139.6643982
4858.5,69.07929993,4.076900005,0.228316009,2.688800097,67.98690033,123.8274002
4859,85.43319702,6.458300114,0.201506004,2.712800026,70.00849915,129.3067932
4859.5,91.97570038,10.13469982,0.235835001,2.719799995,74.46749878,138.5198059
4860,100.7946014,7.195600033,0.28343299,2.699599981,76.75209808,144.4375
4860.5,109.1820984,6.002299786,0.294299007,2.688199997,77.55950165,141.6484985
4861,94.70580292,5.275300026,0.285899997,2.698299885,74.62110138,137.6540985
4861.5,98.4367981,4.974999905,0.282386005,2.703700066,76.09960175,144.5861969
4862,103.8402023,5.000699997,0.310420007,2.713000059,76.82609558,145.4060974
4862.5,102.9326019,4.663700104,0.301842988,2.706899881,76.93721008,145.3923035
4863,86.86569977,4.569300175,0.303861022,2.88199997,70.16649628,131.9532013
4863.5,91.47609711,4.433000088,0.270395994,2.684499979,77.56030273,147.8816071
4864,87.16030121,6.712299824,0.332953006,2.684200048,79.16239929,153.2299042
4864.5,100.5039978,3.997699976,0.298707992,2.70600009,78.03279877,144.4927979
4865,81.38439941,3.941200018,0.266243994,2.708800077,76.38780212,139.9877014
4865.5,87.64790344,4.738200188,0.278616995,2.733700037,74.96589661,138.6607971
4866,97.26670075,5.304900169,0.296047986,2.693599939,78.08969879,147.0581055
4866.5,105.4281998,4.764999867,0.308934003,2.707700014,77.15910339,144.5856018
4867,102.7823029,4.145100117,0.290007979,2.692300081,78.80290222,146.6947022
4867.5,97.02140045,4.767399788,0.313549012,2.721699953,74.54070282,138.2700958
4868,90.62310028,3.992599964,0.295340002,2.758500099,75.83110046,147.6739044
4868.5,106.2524033,5.255199909,0.340312988,2.709399939,80.61260223,155.0639038
4869,107.2544022,3.855900049,0.323092997,2.720400095,76.78479767,146.8964996
4869.5,107.7249985,3.635299921,0.30993098,2.704999924,79.69509888,150.9338989
4870,96.06659699,4.673799992,0.317386001,2.812599897,74.9449997,145.1900024
4870.5,99.67230225,3.828500032,0.353779972,2.745599985,78.32929993,153.0422058
4871,101.0659027,3.919399977,0.31141001,2.71510005,77.80091095,147.0738983
4871.5,80.82720184,4.011499882,0.253012002,2.714999914,71.09750366,134.0305023
4872,87.82779694,4.934899807,0.251753002,2.784399986,70.85829926,141.5075073
4872.5,86.93589783,5.287700176,0.279085994,2.701200008,77.55950165,147.271698
4873,97.75740051,5.927999973,0.297800988,2.703099966,78.76460266,149.8975067
4873.5,95.29859924,4.834199905,0.316514999,2.704900265,79.99420166,154.2716217
4874,109.055397,4.389400005,0.347160995,2.760699987,78.61370087,156.364502
4874.5,102.5943985,4.517199993,0.353399009,2.75909996,80.08670044,156.9721069
4875,92.10489655,3.871400118,0.346673012,2.699700117,80.52880096,157.059906
4875.5,101.3507996,3.9381001,0.329541028,2.69630003,79.70899963,153.309906
4876,100.8988037,3.798199892,0.328093976,2.754100084,74.728302,145.5747986
4876.5,87.7677002,3.949300051,0.350707024,2.750499964,79.45850372,157.6166992
4877,98.88069916,5.33920002,0.333474994,2.7026999,79.90110016,154.5330048
4877.5,93.81159973,3.4296,0.331982017,2.788500071,75.60250092,146.4221954
4878,110.7973023,3.812299967,0.33454898,2.696399927,79.74389648,153.2044983
4878.5,99.54560089,4.471799851,0.324334979,2.763499975,76.00050354,148.7492981
4879,98.07879639,3.638499975,0.341994017,2.708899975,80.12969971,158.4797211
4879.5,102.7226028,4.31580019,0.346510023,2.869699955,76.94840241,150.7982025
4880,105.9616013,3.221600056,0.331698984,2.726200104,77.91889954,151.256012
4880.5,85.5644989,4.348100185,0.29380399,2.751699925,74.5796051,143.3744049
4881,92.26930237,3.827199936,0.300711006,2.756000042,75.08730316,144.9255981
4881.5,92.23049927,4.628099918,0.302646995,2.768699884,75.36859894,146.8621063
4882,98.16529846,4.086999893,0.304446995,2.743599892,76.65660095,149.4494019
4882.5,96.53099823,4.134399891,0.310092002,2.76760006,76.23700714,150.1130981
4883,94.66040039,3.870300055,0.315737993,2.791599989,76.23400879,149.1921997
4883.5,84.00440216,3.920000076,0.314152002,2.749300003,75.3513031,149.0838013
4884,83.5177002,3.646500111,0.320839018,2.741400003,78.49939728,154.7705994
4884.5,90.74680328,4.266300201,0.341591001,2.749700069,78.64530945,155.722702
4885,97.32710266,3.550100088,0.331847996,2.765599966,77.17710114,151.2917023
4885.5,93.08070374,3.296200037,0.33011502,2.763299942,77.48120117,150.346695
4886,81.02639771,3.724400044,0.335088015,2.76760006,76.45469666,147.6367035
4886.5,77.70469666,3.329600096,0.318190008,2.781199932,75.66240692,147.733902
4887,84.25530243,3.222700119,0.298838019,2.773699999,74.89240265,145.0005035
4887.5,79.59570313,3.680500031,0.292055994,2.756799936,75.88179779,146.0498962
4888,91.27300263,4.034800053,0.310687006,2.774100065,76.1576004,147.1761932
4888.5,106.4220963,3.672600031,0.327825993,2.742899895,77.14089966,148.283493
4889,88.2723999,3.89470005,0.321918994,2.738300085,76.52400208,147.227005
4889.5,80.62519836,4.038700104,0.287560999,2.752000094,73.49919891,141.8031006
4890,79.47609711,4.110799789,0.300235003,2.806099892,73.28890228,141.4886017
4890.5,93.00330353,4.654399872,0.308274001,2.765799999,77.24499512,150.5101929
4891,96.98059845,4.38740015,0.314228982,2.761600018,76.45159912,145.7776032
4891.5,91.24079895,3.819299936,0.295215011,2.763999939,77.23190308,147.4302063
4892,93.82460022,4.229499817,0.293246985,2.814500094,71.05310059,135.9152069
4892.5,92.33049774,2.95720005,0.275341004,2.761300087,76.92559815,148.7066956
4893,97.67160034,3.459300041,0.308458984,2.743299961,75.75180054,149.0379028
4893.5,107.0241013,3.42779994,0.328511,2.759999991,80.08499908,153.7559052
4894,100.7685013,3.136600018,0.316751987,2.754300118,82.85479736,167.1869049
4894.5,117.5195007,3.649800062,0.373580009,2.748800039,85.31069946,162.8173981
4895,99.90789795,2.82069993,0.159640998,2.77850008,63.81159973,119.395401
4895.5,38.43460083,2.840399981,0.083701,2.711100102,61.89410019,99.81610107
4896,45.05699921,22.30789948,0.079313003,2.691200018,57.37329865,96.03829956
4896.5,37.01100159,36.76279831,0.073305994,2.75270009,56.93130493,93.89060211
4897,57.88800049,43.92240143,0.091544002,2.759399891,58.92849731,95.80599976
4897.5,72.96450043,30.01799965,0.099666007,2.749599934,60.51350021,98.76229096
4898,65.87519836,31.13100052,0.110122003,2.697700024,60.82229996,100.2700958
4898.5,46.5945015,23.89839935,0.106387995,2.744699955,60.34030151,99.88279724
4899,52.15100098,27.12050057,0.112695999,2.742199898,60.10290146,100.1792984
4899.5,65.2806015,11.8448,0.103365004,2.753499985,60.8987999,103.1903
4900,65.84660339,14.29049969,0.118327998,2.727499962,60.91770172,102.3666992
4900.5,73.80609894,11.69810009,0.111443996,2.719899893,62.05410385,102.6300964
4901,44.55070114,13.56739998,0.100649007,2.728499889,59.16640091,99.16519928
4901.5,54.14390183,13.40260029,0.105210997,2.729599953,61.08390045,103.1903992
4902,49.43209839,21.30520058,0.109772995,2.730600119,59.79919815,101.1875992
4902.5,58.11420059,10.27880001,0.114167005,2.745899916,63.11410141,105.004097
4903,68.09400177,15.92070007,0.130961001,2.687799931,62.82020187,105.0214996
4903.5,74.31620026,9.650799751,0.122584999,2.71359992,62.70890045,104.7087021
4904,67.65540314,10.55370045,0.119416997,2.729099989,61.67050171,103.3608017
4904.5,73.42220306,11.38650036,0.114412002,2.754800081,63.27089691,105.8277969
4905,56.68320084,16.03590012,0.130638003,2.753400087,62.92879868,105.0868988
4905.5,71.10649872,9.732700348,0.129363,2.74729991,64.20929718,107.6427994
4906,61.63710022,12.88119984,0.123254992,2.765700102,60.82360077,104.0109024
4906.5,69.16290283,15.10400009,0.112890996,2.765100002,59.75689697,99.75
4907,70.36229706,12.59370041,0.098605007,2.756799936,61.59329987,101.5367966
4907.5,71.19529724,26.22500038,0.097884998,2.745399952,59.30609894,98.95040131
4908,58.73690033,15.70950031,0.088134006,2.752000094,60.2737999,98.95469666
4908.5,65.47669983,27.37030029,0.09392,2.742599964,60.51819992,99.49130249
4909,72.51139832,23.28190041,0.095357999,2.718199968,61.8504982,99.70800018
4909.5,62.06330109,13.69979954,0.097218998,2.698400021,61.57170105,99.93749237
4910,59.65240097,27.33589935,0.105544999,2.758100033,61.520401,99.46640015
4910.5,75.85369873,14.35579968,0.093719997,2.737699986,60.96220017,100.3220978
4911,52.90459824,15.34729958,0.087912999,2.747499943,58.53499985,97.11730194
4911.5,56.27209854,39.3484993,0.077086002,2.717700005,60.3681984,98.90519714
4912,89.82610321,24.79260063,0.090032995,2.718600035,62.43920517,101.6115036
4912.5,67.88379669,15.00839996,0.094708003,2.737499952,62.29370117,102.3976975
4913,65.69400024,21.94750023,0.113107994,2.716599941,63.30080032,102.5526962
4913.5,52.25910187,10.20259953,0.095881008,2.755700111,58.40570068,98.18689728
4914,62.79069901,21.11459923,0.097126998,2.780100107,58.9788971,100.9148026
4914.5,67.48799896,25.86720085,0.098233998,2.740200043,59.54740143,99.48639679
4915,51.79710007,27.20750046,0.111552,2.764600039,58.09180069,97.79989624
4915.5,70.86540222,18.19179916,0.082667001,2.735500097,60.52930069,100.8599014
4916,64.19709778,33.07709885,0.101558,2.74090004,60.02259827,98.21520233
4916.5,56.95959854,20.63030052,0.082938999,2.740099907,56.85029984,95.88009644
4917,74.9151001,27.6909008,0.073918998,2.711699963,61.83959961,100.3869019
4917.5,45.84889984,26.88999939,0.078225002,2.710199833,58.28699875,96.69039917
4918,52.19829941,20.80439949,0.074900001,2.715699911,60.88909912,98.12650299
4918.5,84.14440155,46.79610062,0.088899002,2.691900015,62.04100037,101.2024994
4919,39.59389877,14.96430016,0.093974002,2.706199884,58.53030014,96.36119843
4919.5,45.24349976,25.79260063,0.070117995,2.71600008,58.54859924,97.34079742
4920,64.4957962,36.74909973,0.068981998,2.728899956,61.6631012,99.15180206
4920.5,60.06480026,25.19149971,0.084511995,2.719899893,63.19309998,101.9577103
4921,65.85179901,17.38139916,0.100042999,2.710799933,60.14860153,100.1014023
4921.5,60.50590134,13.78800011,0.095294997,2.721199989,59.14009857,97.46779633
4922,89.17099762,35.51910019,0.074745998,2.727300167,62.37779999,100.1636963
4922.5,70.38700104,16.5977993,0.092981994,2.740600109,60.44620514,99.04709625
4923,41.89020157,16.18050003,0.093837999,2.729899883,56.40530014,94.58339691
4923.5,48.00650024,29.41230011,0.073596001,2.759900093,57.20119858,95.71340179
4924,79.30329895,62.93429947,0.064647004,2.744399786,62.11920166,101.3919983
4924.5,82.40589905,16.11720085,0.107062995,2.71600008,61.15269852,100.0696945
4925,101.3460007,15.80169964,0.107840993,2.724600077,61.79230118,101.5485001
4925.5,53.78950119,17.0237999,0.107597999,2.720099926,57.34579849,96.09739685
4926,53.95610046,21.84370041,0.076522999,2.731899977,59.2574997,98.29019928
4926.5,68.80339813,24.69300079,0.08574,2.737299919,62.39009857,100.8189011
4927,81.33599854,27.39940071,0.098176003,2.728300095,62.04140091,101.4502029
4927.5,51.32920075,16.25359917,0.096406005,2.72510004,57.10329819,94.58650208
4928,61.00920105,18.42569923,0.063051999,2.740999937,60.6352005,99.81950378
4928.5,65.92459869,37.74560165,0.080114,2.719399929,58.35290146,97.04620361
4929,52.40259934,17.69980049,0.073050998,2.743499994,59.67760086,97.4151001
4929.5,79.19159699,48.29790115,0.085033998,2.703200102,62.4516983,102.6717987
4930,56.10839844,18.3973999,0.082370006,2.726300001,57.09170151,96.10829926
4930.5,39.09889984,9.059399605,0.079706997,2.7493999,58.3368988,96.22930145
4931,91.30349731,57.95080185,0.079313003,2.731800079,62.98920059,102.0320969
4931.5,56.8913002,23.53800011,0.103346005,2.698999882,57.84069824,97.2602005
4932,57.85029984,16.04739952,0.079537004,2.736700058,57.87990189,96.57540131
4932.5,74.85729981,48.87659836,0.099101998,2.71239996,62.5143013,101.7717972
4933,64.41809845,15.24909973,0.111723006,2.727200031,61.47660065,102.9163971
4933.5,93.17990112,13.5454998,0.117366001,2.722899914,64.95899963,107.2166977
4934,87.67030335,9.60130024,0.134153992,2.737200022,62.92499924,105.026001
4934.5,64.0121994,11.56900024,0.117096007,2.770499945,60.59479904,102.6992035
4935,75.89659882,15.33950043,0.108406998,2.725500107,61.70550156,101.5942917
4935.5,65.14550018,15.8760004,0.106031999,2.71510005,61.29430008,100.1657105
4936,70.56829834,16.45929909,0.096513994,2.735399962,60.26639938,99.51540375
4936.5,52.42129898,15.88739967,0.083414003,2.728899956,59.38470078,99.18859863
4937,53.7181015,37.68000031,0.100489996,2.742899895,61.21279907,100.5438004
4937.5,67.63500214,18.84370041,0.110871002,2.70539999,62.92079544,103.677002
4938,81.73600006,14.92129993,0.123616003,2.716599941,63.15650177,105.0342026
4938.5,81.92829895,13.01990032,0.133576006,2.719899893,65.07929993,110.0373001
4939,87.62519836,12.31389999,0.164638996,2.720299959,67.17559815,113.4600983
4939.5,66.23960114,7.492300034,0.143261999,2.73210001,64.15720367,108.8327026
4940,94.23459625,10.82680035,0.159605995,2.7026999,71.98739624,124.7324982
4940.5,71.07160187,7.117899895,0.178237006,2.747900009,63.65790176,108.4068985
4941,69.0632019,7.316100121,0.135686994,2.735199928,64.90419769,109.1241989
4941.5,85.92179871,10.59809971,0.143788993,2.713500023,65.92669678,110.2282028
4942,74.10929871,12.26720047,0.141233996,2.701100111,66.45110321,113.2954025
4942.5,97.1690979,8.298800468,0.160212994,2.728300095,66.87889862,114.4096985
4943,71.57949829,6.133500099,0.14250499,2.769500017,61.56499863,105.5534973
4943.5,79.50650024,11.24059963,0.140042007,2.757600069,66.04599762,110.6687012
4944,85.74040222,12.27820015,0.152619004,2.721699953,66.61940002,112.3507004
4944.5,71.76439667,8.630399704,0.158509001,2.727300167,65.45800018,110.0449982
4945,70.07980347,10.35830021,0.122776002,2.712599993,64.55719757,105.075798
4945.5,51.19800186,11.46140003,0.112810999,2.746799946,61.97909927,100.6606979
4946,60.94169998,12.85389996,0.115451001,2.71269989,63.85390091,105.5348969
4946.5,69.22499847,13.65789986,0.126542002,2.726599932,64.74430084,105.5603027
4947,51.52830124,8.202599526,0.097475007,2.708600044,60.73239899,98.3010025
4947.5,69.8513031,17.76449966,0.139650002,2.693000078,68.68080139,118.6704025
4948,100.4093018,12.01879978,0.176699996,2.684299946,72.68009949,125.4196014
4948.5,87.36830139,4.740399838,0.167594001,2.729899883,67.53869629,113.8274002
4949,38.49020004,7.47879982,0.103262998,2.72149992,61.69319916,100.778801
4949.5,66.16000366,11.72259998,0.078035995,2.712800026,60.18830109,99.59940338
4950,78.57299805,26.25709915,0.127384991,2.732500076,65.53420258,109.2565994
4950.5,98.16870117,10.00699997,0.155870006,2.723400116,69.96890259,119.7173996
4951,66.20200348,5.230899811,0.185930997,2.718400002,65.91529846,112.3566055
4951.5,64.8411026,9.238300324,0.137235999,2.761600018,63.43239975,106.2659988
4952,54.85359955,10.44229984,0.127145007,2.753099918,62.68280029,103.6858978
4952.5,79.14060211,12.32479954,0.133311003,2.742899895,67.01660156,112.3179932
4953,71.09719849,9.638299942,0.132091999,2.718699932,63.5992012,106.8363037
4953.5,82.5463028,10.51159954,0.129473999,2.747800112,64.35449982,107.973999
4954,83.15640259,11.11550045,0.137382999,2.69810009,65.12830353,107.1996002
4954.5,68.33260346,11.40989971,0.125890002,2.71600008,64.81490326,107.6649017
4955,62.8655014,11.3458004,0.115929,2.737999916,62.89659882,104.2785034
4955.5,75.58300018,11.39249992,0.126637995,2.693799973,64.38739777,105.6911011
4956,60.78839874,10.46829987,0.109599002,2.700599909,62.08710098,103.268898
4956.5,74.64070129,19.46269989,0.121716999,2.769399881,64.16889954,105.7057037
4957,73.02279663,13.07349968,0.120339006,2.717099905,64.05819702,105.3268051
4957.5,71.7602005,14.78829956,0.127662003,2.703000069,64.04650116,106.1850967
4958,70.04769898,12.4406004,0.128666997,2.704999924,65.14929962,107.3662033
4958.5,82.311203,12.02709961,0.124645993,2.705300093,64.53649902,106.6885071
4959,83.82520294,12.55410004,0.148248002,2.702399969,67.07119751,111.9829025
4959.5,72.58820343,8.521800041,0.137341008,2.690000057,65.51909638,110.5707092
4960,47.36970139,9.290499687,0.088793002,2.735599995,58.87210083,102.9380035
4960.5,57.78430176,27.19820023,0.115368001,2.738600016,63.73310089,107.9807968
4961,55.96979904,14.38319969,0.121487998,2.705499888,63.95029831,105.7368012
4961.5,57.15990067,14.88080025,0.111912005,2.714299917,63.06159973,105.5899963
4962,51.0583992,13.04039955,0.098295003,2.706399918,62.46760178,105.7406998
4962.5,26.03759956,12.58810043,0.092578001,2.729599953,56.04970169,101.3462982
4963,30.85680008,25.00180054,0.068354003,2.72149992,58.68519974,102.2452011
4963.5,41.94839859,25.73259926,0.119497001,2.733700037,59.8085022,107.6110001
4964,39.62549973,14.94719982,0.200969994,2.702600002,68.49749756,126.6258011
4964.5,36.64099884,21.69879913,0.259207994,2.705199957,71.46089935,129.8818054
4965,24.5618,32.58160019,0.248026997,2.729700089,67.05770111,124.0217972
4965.5,27.27700043,29.26880074,0.26207,2.696700096,69.34549713,122.782898
4966,26.76759911,17.98699951,0.245113999,2.746299982,66.44219971,118.6247025
4966.5,22.89649963,21.3185997,0.25811702,2.696500063,68.39160156,123.9769974
4967,36.8810997,45.88650131,0.249867007,2.717400074,65.99349976,122.0162964
4967.5,28.46899986,27.44379997,0.229067996,2.741300106,65.94020081,120.7105026
4968,28.05789948,14.92039967,0.259382993,2.710099936,68.13140106,121.936203
4968.5,28.91839981,34.05369949,0.255533993,2.684999943,68.49770355,125.5662003
4969,21.16909981,37.93270111,0.268188983,2.676399946,68.20420075,121.3254013
4969.5,11.69050026,40.70100021,0.243581995,2.691999912,65.38459778,118.2958069
4970,17.68280029,53.92300034,0.243840009,2.753799915,62.89429855,115.3766022
4970.5,20.53009987,128.3345947,0.220685005,2.806400061,53.3003006,97.52330017
4971,25.87299919,224.4817963,0.160762996,2.917299986,51.64459992,92.82720184
4971.5,18.91469955,313.6087036,0.172101006,2.888499975,51.18899918,91.82279968
4972,14.17029953,293.917511,0.195853993,2.843800068,52.83250046,97.53520203
4972.5,23.71089935,106.8312988,0.229813993,2.73270011,59.51689911,109.2141037
4973,27.77490044,56.80659866,0.247654989,2.694999933,63.51530075,117.8952026
4973.5,27.06299973,40.87850189,0.256168008,2.672499895,68.67469788,123.6496964
4974,25.16679955,34.88619995,0.259508014,2.700099945,67.84559631,122.9221954
4974.5,26.79770088,33.57860184,0.247598991,2.702899933,67.67160034,124.8242035
4975,24.85280037,35.2215004,0.252725989,2.684299946,69.40529633,126.2929993
4975.5,27.17160034,40.99039841,0.264503986,2.676300049,69.60679627,131.5471039
4976,31.25419998,39.72589874,0.263285011,2.707299948,70.90390015,128.5684967
4976.5,21.13689995,51.020401,0.271504998,2.6881001,68.63829804,125.357399
4977,23.84490013,37.29380035,0.272859991,2.720099926,65.44660187,122.9492035
4977.5,24.56279945,46.99430084,0.265561998,2.721399784,66.56700134,122.5301971
4978,26.95789909,25.10390091,0.259182006,2.782099962,65.31159973,121.1390991
4978.5,21.55400085,35.3891983,0.266334981,2.759599924,62.36370087,119.223999
4979,23.2840004,48.59220123,0.248962,2.771899939,58.39770126,112.1744003
4979.5,33.56700134,69.81639862,0.247220993,2.744800091,60.48949814,115.7149963
4980,33.83639908,19.29780006,0.251246005,2.682300091,72.53050232,136.3155975
4980.5,27.34539986,10.36159992,0.285118997,2.709599972,74.56529999,137.1434021
4981,34.06769943,13.03929997,0.273250014,2.691099882,64.31079865,119.0809021
4981.5,25.02099991,47.50780106,0.229022011,2.611099958,62.44810104,114.0535965
4982,16.37940025,99.55930328,0.241231009,2.686300039,61.24570084,105.4397965
4982.5,22.80319977,135.7799988,0.232826009,2.707299948,56.37009811,100.8582993
4983,23.40929985,147.7366943,0.215254009,2.752399921,58.97079849,108.0451965
4983.5,24.20949936,136.6667938,0.228871003,2.741899967,65.457901,116.0542984
4984,20.81329918,92.00669861,0.238561988,2.750200033,63.00730133,115.1744995
4984.5,29.53510094,67.91860199,0.27037999,2.782399893,62.30979919,113.8170013
4985,18.96660042,48.59799957,0.252615005,2.720799923,64.5074997,117.6439972
4985.5,30.78219986,36.37879944,0.240046993,2.66050005,67.28710175,123.9781036
4986,30.46629906,35.55609894,0.259277999,2.732899904,68.43769836,124.7141037
4986.5,17.53510094,33.63410187,0.289139986,2.713200092,68.66329956,125.1456909
4987,32.0401001,33.34680176,0.274787009,2.715699911,68.22650147,120.7332993
4987.5,20.98839951,33.54840088,0.25950399,2.724699974,65.94300079,121.1270905
4988,26.63299942,32.84299851,0.249239996,2.692199945,65.33159638,120.2796936
4988.5,34.12659836,33.83850098,0.236469999,2.676100016,65.6740036,120.4686966
4989,28.63579941,33.02740097,0.268011004,2.738199949,64.97869873,118.3685989
4989.5,31.84250069,40.14070129,0.252220988,2.714400053,65.57980347,120.4020996
4990,34.21149826,47.20209885,0.253575981,2.731899977,64.40170288,119.1163025
4990.5,34.13180161,40.83140183,0.242789999,2.76060009,64.31569672,117.3498001
4991,30.22159958,32.99980164,0.241033003,2.578099966,67.21630096,124.4465027
4991.5,21.55699921,31.6996994,0.249379009,2.59739995,67.09929657,124.8618012
4992,27.4090004,30.24419975,0.241602004,2.708199978,68.57119751,123.1231003
4992.5,22.51000023,41.96379852,0.225759998,2.692800045,71.76490021,128.4860992
4993,34.35879898,40.94309998,0.225827992,2.695199966,61.36610031,120.1564026
4993.5,28.63579941,63.4864006,0.228311002,2.748399973,65.09809876,121.5793991
4994,34.7356987,50.29859924,0.239675,2.807199955,68.43569946,127.5954971
4994.5,30.67779923,39.54869843,0.239437014,2.734400034,74.957901,132.281601
4995,26.61059952,55.54579926,0.241844997,2.771199942,69.20829773,124.4430008
4995.5,25.72900009,72.18360138,0.236727014,2.827899933,62.67070007,115.8463974
4996,23.8784008,36.37919998,0.228763014,2.827600002,62.45529938,116.6127014
4996.5,28.36639977,25.37269974,0.261644006,2.78550005,67.88670349,121.2157898
4997,36.69279862,16.53680039,0.260589987,2.731800079,69.56980133,124.7740021
4997.5,44.79729843,11.06970024,0.293644995,2.779599905,68.4552002,124.1425934
4998,44.73540115,5.935800076,0.34739399,2.846399784,70.45510101,128.033905
4998.5,50.22880173,4.456099987,0.367440999,2.865400076,69.12129974,123.495697
4999,28.25779915,21.37940025,0.329966992,2.855499983,64.48930359,105.4060974
4999.5,32.17380142,25.85540009,0.230322003,2.731899977,70.35649872,107.5329971
5000,61.34740067,73.95680237,0.161509991,2.630000114,75.49590302,118.5995026
5000.5,61.0909996,48.72790146,0.157763004,2.533799887,70.48149872,115.1669998
5001,81.09290314,22.55489922,0.19332701,2.668499947,71.70140076,115.8231964
5001.5,83.5196991,20.03030014,0.154844001,2.536499977,65.57569885,108.2527008
5002,17.0659008,15.46529961,0.054036997,2.312200069,64.91940308,104.3244019
5002.5,18.50849915,39.20529938,0.052244,2.332400084,68.75080109,105.8524933
5003,16.95730019,427.3147888,0.049633998,2.321399927,68.53639984,106.2994003
5003.5,11.84119988,594.0396118,0.050444998,2.306499958,68.92939758,105.2851028
5004,17.30940056,540.2000122,0.043974999,2.331500053,69.61299896,106.7692032
5004.5,10.00500011,185.4766998,0.042142,2.302000046,68.19740295,106.157402
5005,17.75359917,147.7630005,0.044229999,2.353499889,66.792099,105.8974991
5005.5,23.43519974,338.9403992,0.059358001,2.374599934,68.79759979,107.1660004
5006,29.53960037,286.4588013,0.073088996,2.402499914,67.93370056,106.3382034
5006.5,29.58139992,283.9236145,0.080499001,2.474900007,67.16719818,105.8688965
5007,53.69620132,213.9479065,0.091642998,2.516599894,64.72669983,100.9037933
5007.5,28.3560009,112.1747971,0.096576996,2.5072999,60.89860153,98.06860352
5008,60.72650147,202.4978943,0.119420998,2.491899967,63.7867012,99.76039887
5008.5,47.09209824,103.4590988,0.136395991,2.392499924,65.33460236,101.450798
5009,84.94280243,161.6791992,0.149416998,2.392400265,66.49469757,103.4018021
5009.5,79.72480011,280.7271118,0.168693006,2.424499989,70.1013031,106.9381027
5010,50.7181015,203.9044952,0.148226008,2.42840004,70.52410126,113.1106033
5010.5,47.97240067,65.47969818,0.117305003,2.54279995,70.44329834,111.9654923
5011,34.73320007,125.8435974,0.110035002,2.52609992,68.62400055,107.0372925
5011.5,71.77700043,110.1964035,0.114399999,2.573400021,63.31489945,97.8483963
5012,64.50240326,255.3576965,0.132606998,2.561800003,63.44029999,101.1816025
5012.5,53.25630188,94.10070038,0.127185002,2.513200045,61.80670166,99.12078857
5013,54.16740036,144.1161957,0.140304998,2.50909996,65.23190308,104.2143936
5013.5,60.54479981,319.9771118,0.131467998,2.513299942,64.49770355,104.6330032
5014,60.45100021,230.7575989,0.151099011,2.551700115,67.21279907,106.9047012
5014.5,79.15499878,92.13890076,0.156958997,2.492899895,65.67769623,103.3138962
5015,53.47430039,36.23529816,0.132109001,2.493400097,66.60870361,105.9786987
5015.5,41.50439835,84.38140106,0.120312996,2.517699957,67.3015976,107.4200058
5016,38.8614006,186.1520996,0.101666004,2.534699917,65.60230255,104.0024033
5016.5,39.81880188,109.3770981,0.099966005,2.486399889,66.47669983,102.3079987
5017,48.32740021,56.39030075,0.15544501,2.704299688,60.3946991,93.96839905
5017.5,37.32450104,27.36359978,0.183988988,2.816099882,59.48669815,108.4208984
5018,50.37020111,17.16500092,0.256379008,2.725800037,59.02080154,104.5217972
5018.5,71.25260162,14.44760037,0.145855993,2.586100102,61.10949707,108.4768982
5019,63.20729828,8.766799927,0.237402007,2.64470005,60.48009872,105.8622971
5019.5,78.01159668,30.94949913,0.297196984,2.69810009,72.17189789,132.2825012
5020,52.82640076,6.315499783,0.155752003,2.730900049,67.69429779,118.7200012
5020.5,18.22229958,9.039500237,0.110041,2.384299994,63.88660049,98.95210266
5021,33.75759888,69.4733963,0.124014996,2.377399921,70.58360291,109.6589966
5021.5,20.54520035,252.8246002,0.127489001,2.424599886,68.17150116,110.5763016
5022,17.55489922,300.7149963,0.104788996,2.438199997,65.19519806,102.6773987
5022.5,17.65019989,282.9212036,0.109125003,2.431299686,65.01650238,103.1849976
5023,21.84930039,417.8658142,0.106981002,2.449500084,65.28430176,101.3651962
5023.5,19.29990006,414.5914002,0.110841997,2.447900057,66.20549774,102.9328003
5024,24.45630074,377.3631897,0.109924004,2.445499897,66.55709839,101.3945999
5024.5,27.98489952,232.5238037,0.094402999,2.458499908,66.45639801,101.9674988
5025,24.60740089,342.3077087,0.076062001,2.361599922,68.51010132,105.8865967
5025.5,17.83799934,282.5905151,0.106732994,2.38560009,68.53910065,109.4644013
5026,21.22990036,450.4500122,0.122922003,2.379100084,68.69049835,109.3603973
5026.5,16.7595005,460.6148987,0.117172003,2.386300087,68.97940064,108.066391
5027,28.94989967,630.1323853,0.116985999,2.414900065,68.62030029,107.5373993
5027.5,24.64459992,568.1508179,0.112517998,2.392499924,69.53839874,109.0783005
5028,18.33499908,537.7575073,0.096629001,2.350600004,70.66719818,109.9216003
5028.5,19.63619995,640.2775879,0.126093,2.361299992,70.31729889,109.4320984
5029,25.06349945,592.6480103,0.123753004,2.470200062,66.06079865,101.8297043
5029.5,32.44120026,257.4960938,0.125226006,2.404599905,67.27010346,104.7289963
5030,15.44019985,161.8641968,0.129547998,2.383899927,68.7723999,106.8687973
5030.5,29.8621006,255.441803,0.113978006,2.432800055,66.73120117,103.7266922
5031,38.59989929,158.128006,0.137951002,2.425100088,68.31590271,106.474205
5031.5,23.42040062,95.31210327,0.118976004,2.42930007,66.57260132,103.6595001
5032,24.55220032,217.5142975,0.089406997,2.510900021,63.24509811,94.48060608
5032.5,75.61650085,230.5962067,0.133879006,2.574100018,63.88619995,99.35050201
5033,86.84159851,37.07260132,0.135119006,2.542099953,66.34259796,104.3170013
5033.5,51.53129959,59.74520111,0.131959006,2.539900065,65.25689697,100.4228973
5034,54.01089859,89.3003006,0.115245998,2.533400059,63.01200104,99.90499878
5034.5,48.80559921,87.11370087,0.120701,2.551100016,63.50900269,99.30079651
5035,83.90850067,81.26480103,0.142603993,2.620399952,61.44620132,97.54270172
5035.5,47.61660004,35.89400101,0.124086998,2.5079,62.81510162,101.0726013
5036,62.88660049,47.51259995,0.123549007,2.511699915,66.85209656,106.2820969
5036.5,28.45009995,52.24169922,0.114589006,2.5072999,63.67570114,98.97290039
5037,20.4776001,117.2126007,0.105628006,2.502799988,64.8219986,96.67829895
5037.5,49.69729996,259.6534119,0.091862001,2.551000118,62.92070007,95.32180023
5038,45.63439941,76.71929932,0.103817999,2.514699936,65.66570282,98.41560364
5038.5,44.38980103,55.96170044,0.133683011,2.515700102,61.66149902,100.6243973
5039,46.38050079,90.0739975,0.121059001,2.53730011,65.09750366,110.8880005
5039.5,41.72819901,47.03269959,0.134404004,2.535300016,64.68280029,107.3585968
5040,48.32040024,69.39649963,0.111279003,2.531300068,67.52899933,107.1106033
5040.5,59.73139954,39.90299988,0.127038002,2.542599917,63.31950378,101.7449036
5041,47.55580139,35.08850098,0.132741004,2.530999899,63.20269775,100.7360992
5041.5,69.33820343,33.96730042,0.115664996,2.576999903,62.75189972,102.013298
5042,73.88150024,37.25329971,0.119125992,2.544300079,64.292099,105.2220993
5042.5,62.31710053,31.43309975,0.122844003,2.559499979,63.66200256,97.85099793
5043,81.05970001,16.23060036,0.128036007,2.60800004,60.25479889,94.06279755
5043.5,29.86930084,15.30360031,0.096225001,2.608599901,60.91949844,93.94960022
5044,33.8470993,76.85790253,0.096554004,2.545099735,56.04520035,85.57070923
5044.5,45.21910095,128.378006,0.114479996,2.58739996,63.95069885,105.2197037
5045,53.48289871,64.44719696,0.117192,2.487600088,57.3266983,91.07659912
5045.5,63.11470032,50.95550156,0.119217999,2.499000073,61.41090012,95.17880249
5046,38.04059982,42.10990143,0.097600006,2.463399887,62.26800156,94.56270599
5046.5,49.27299881,39.91059876,0.109947994,2.495399952,58.82820129,90.84629822
5047,67.9265976,40.61019898,0.102086,2.535200119,51.70600128,83.26140595
5047.5,45.79660034,42.81060028,0.113311999,2.524399996,70.66660309,115.6679001
5048,26.97669983,53.41419983,0.099062003,2.35529995,72.22799683,111.1634979
5048.5,57.76399994,109.2873993,0.117454007,2.405699968,62.21469879,97.4743042
5049,63.11119843,34.11190033,0.12958999,2.569900036,62.38219833,97.09880066
5049.5,54.19580078,45.19229889,0.108486004,2.597300053,62.4618988,99.74949646
5050,55.96979904,50.90420151,0.103397995,2.629899979,60.76490021,96.72480011
5050.5,31.53000069,49.25149918,0.104715005,2.644799948,57.94229889,91.96050263
5051,35.68180084,69.32289887,0.085036002,2.548599958,61.35309982,97.58560181
5051.5,37.55319977,134.0258026,0.106231004,2.621500015,62.66210175,102.4654999
5052,72.69830322,61.44269943,0.154188991,2.653100014,61.1785965,98.5667038
5052.5,31.84490013,26.85350037,0.108697996,2.59100008,61.5257988,98.16490173
5053,34.3451004,66.94010162,0.103202,2.551700115,62.44350052,99.59629822
5053.5,31.80890083,116.4054031,0.111681998,2.592499971,61.95199966,99.3184967
5054,43.98529816,74.00350189,0.119272001,2.628700018,61.27679825,99.40910339
5054.5,58.29109955,56.20560074,0.12524201,2.653800011,60.38169861,97.91609192
5055,75.5094986,39.3504982,0.118197002,2.651200056,63.95869827,106.8580017
5055.5,94.08719635,28.87450028,0.171473995,2.631200314,64.53710175,108.4788971
5056,66.13819885,12.77130032,0.194526002,2.606800079,62.68889999,103.9149017
5056.5,76.67099762,19.52470017,0.158220992,2.624500036,65.3309021,106.9683991
5057,69.84459686,15.24499989,0.164731011,2.666199923,60.63230133,100.6696014
5057.5,56.66410065,22.64220047,0.155164003,2.690700054,57.41989899,93.03489685
5058,40.04729843,26.37649918,0.108447999,2.699199915,56.86349869,89.99770355
5058.5,42.72280121,48.14229965,0.10193,2.665600061,56.87919998,87.91290283
5059,30.81749916,60.43590164,0.100621998,2.541599989,63.80609894,104.7740097
5059.5,33.94240189,75.07920075,0.103616998,2.5473001,64.43669891,102.5218964
5060,29.37479973,49.17959976,0.120579995,2.546700001,64.52010346,103.9483109
5060.5,33.37039948,56.39860153,0.117944002,2.534100056,63.29790115,104.9124985
5061,43.69350052,55.06740189,0.114321001,2.573299885,61.8594017,104.379097
5061.5,53.46369934,46.2969017,0.123752005,2.611599922,62.88359833,106.0849991
5062,111.864502,24.6201992,0.126364008,2.677700043,74.23670197,140.2106018
5062.5,110.7987976,9.605099678,0.171082005,2.643199921,74.42539978,137.6246033
5063,113.7277985,6.543000221,0.229472011,2.653000116,76.70159912,143.8672943
5063.5,94.22579956,5.788499832,0.293094009,2.671099901,77.20800018,143.5549011
5064,84.43720245,5.256800175,0.312182993,2.694400072,72.31569672,128.3444977
5064.5,97.30380249,7.560299873,0.273858994,2.709899902,72.18699646,125.9227982
5065,84.91970062,7.72840023,0.236145005,2.749799967,63.69120026,110.4160004
5065.5,72.31680298,13.86250019,0.223568007,2.692399979,63.27700043,110.5755997
5066,94.08719635,15.25279999,0.188198999,2.701600075,67.1364975,116.4496994
5066.5,89.5413971,9.256099701,0.199046001,2.687000036,68.24810028,119.6905899
5067,83.47219849,10.55490017,0.236814991,2.674799919,66.46109772,115.5054016
5067.5,91.90869904,13.58720017,0.227577984,2.734600067,67.86859894,117.7276001
5068,81.19840241,11.00150013,0.222949013,2.709399939,67.06400299,116.4439926
5068.5,92.23059845,13.98390007,0.205881,2.694999933,67.53099823,119.4626999
5069,89.21019745,10.76049995,0.211071,2.694200039,70.0074997,126.9536972
5069.5,103.7370987,9.442899704,0.206164002,2.691900015,68.77459717,122.8546982
5070,93.64219666,10.25969982,0.238499999,2.691499949,68.55529785,122.9357987
5070.5,67.44409943,10.52490044,0.249270007,2.709399939,69.51280212,126.2031937
5071,76.7039032,8.481599808,0.227460995,2.735500097,67.88860321,120.3695908
5071.5,73.82219696,10.21819973,0.226650998,2.686399937,68.50469971,121.748703
5072,88.13159943,9.824500084,0.218759999,2.705499888,70.59829712,127.1933975
5072.5,110.0999985,8.574799538,0.218061999,2.696399927,69.61930084,126.6791992
5073,90.31099701,7.993400097,0.249372006,2.704099894,70.53549957,127.2522049
5073.5,96.50589752,8.068300247,0.248320013,2.694700003,72.68489838,133.0792999
5074,100.4493027,7.197000027,0.255569011,2.675600052,78.47409821,144.3811951
5074.5,90.88089752,4.720600128,0.262816995,2.656500101,76.88059998,141.5733032
5075,86.18489838,5.481400013,0.289782018,2.664200068,61.83729935,104.6932983
5075.5,47.03630066,31.26749992,0.226963997,2.672699928,56.40909958,93.39630127
5076,47.50479889,67.85479736,0.091805004,2.695899963,57.18909836,95.23880005
5076.5,59.46929932,49.68059921,0.078906,2.687299967,58.37459946,96.47689819
5077,42.04769898,37.40039825,0.092082001,2.672600031,56.79779816,94.80090332
5077.5,50.93880081,45.18379974,0.098012999,2.680999994,57.45429993,96.43199921
5078,61.08029938,42.55989838,0.089083999,2.695199966,57.58159638,96.51619721
5078.5,56.1507988,37.54850006,0.094835997,2.676300049,59.28489685,100.4195023
5079,61.27730179,23.09939957,0.107637994,2.67020011,60.64170075,102.8432007
5079.5,63.12670136,23.08200073,0.130300999,2.680000067,61.08160019,104.0643997
5080,64.70600128,20.03140068,0.138570994,2.673700094,60.58480072,100.6939011
5080.5,68.89199829,24.09589958,0.130415008,2.637500048,63.08330154,108.177002
5081,65.45980072,12.91030026,0.150291011,2.674299955,64.4394989,109.4964981
5081.5,74.98760223,12.96370029,0.171745002,2.691200018,66.061203,113.4487
5082,68.33159638,13.21080017,0.179362997,2.677299976,62.87129974,106.906601
5082.5,84.36499786,19.95289993,0.166956008,2.680399895,62.98839569,107.1968002
5083,67.76069641,14.06359959,0.128488004,2.656100035,59.10960007,100.7749023
5083.5,85.55729675,30.01759911,0.153678998,2.674799919,60.9353981,103.8272018
5084,92.65319824,13.85439968,0.111873001,2.691499949,67.77310181,120.1689987
5084.5,79.19750214,8.538700104,0.137250006,2.678499937,70.03749847,125.5849991
5085,70.63169861,8.531100273,0.195933998,2.662400007,60.49530029,100.8364029
5085.5,61.43170166,29.62919998,0.184156001,2.672800064,56.98560333,94.62940216
5086,90.1434021,39.81370163,0.174071997,2.686800003,57.85960007,95.18930054
5086.5,104.2238998,26.29759979,0.243155003,2.668100119,63.16120148,107.3936997
5087,85.52059937,15.39290047,0.25297299,2.676100016,66.85990143,116.0886993
5087.5,90.89179993,10.52950001,0.241632998,2.732399941,66.44879913,113.6572037
5088,80.48560333,11.76340008,0.122524001,2.756299973,62.98839569,108.5475082
5088.5,96.09580231,13.66300011,0.219698012,2.704299688,70.32129669,125.7658997
5089,79.75409699,7.362100124,0.240484998,2.696500063,72.8125,132.4467926
5089.5,43.98910141,7.255199909,0.215939,2.668100119,67.65930176,123.8535996
5090,50.9858017,8.081100464,0.216751993,2.702199936,56.88489914,105.2337036
5090.5,86.72319794,36.43799973,0.289183021,2.667200089,63.85390091,113.066597
5091,86.98040009,11.48980045,0.297881991,2.706599951,69.64990234,124.7496033
5091.5,78.74659729,7.425799847,0.302807987,2.693100214,69.6140976,125.8155975
5092,84.36489868,6.773200035,0.297390014,2.719899893,69.88300324,131.4808044
5092.5,95.00479889,6.280399799,0.302071989,2.694200039,74.51100159,138.8159027
5093,108.8850021,4.803500176,0.290017009,2.686000109,74.42410278,140.241806
5093.5,109.4036026,5.322700024,0.277961016,2.67779994,75.03289795,142.3374939
5094,98.45939636,5.028399944,0.237886995,2.703900099,75.93209839,144.478302
5094.5,105.7451019,4.861499786,0.215783998,2.696399927,75.21170044,142.4902039
5095,93.77400208,4.912399769,0.243652001,2.675299883,75.21600342,139.8697052
5095.5,70.05460358,5.219500065,0.244496003,2.67840004,71.11759949,129.2823944
5096,97.65529633,6.53399992,0.225608006,2.655699968,67.93530273,122.4410019
5096.5,94.50540161,8.870200157,0.234985009,2.707299948,71.12799835,127.1584015
5097,92.02030182,7.119800091,0.237480998,2.673300028,70.38240051,126.5478973
5097.5,86.67630005,6.789000034,0.256639004,2.700700045,70.29589844,126.2033005
5098,86.84339905,6.857299805,0.254837006,2.67750001,70.9449997,126.1041031
5098.5,93.84020233,6.799799919,0.239188999,2.669199944,71.41519928,126.6552963
5099,89.56549835,7.19080019,0.248507991,2.684900045,72.4917984,129.1156006
5099.5,105.3865967,6.174699783,0.255567998,2.667900085,73.26660156,132.3401032
5100,92.06140137,5.578700066,0.237056002,2.697499991,70.88490295,128.2310944
5100.5,84.94280243,6.617499828,0.202107996,2.703900099,72.16999817,128.964798
5101,103.0821991,6.948900223,0.22315,2.702899933,72.43740082,130.467804
5101.5,83.72399902,6.192800045,0.172574997,2.690599918,68.65080261,123.4704971
5102,98.6835022,7.887700081,0.106071994,2.694000006,68.93720245,123.4774017
5102.5,100.5445023,8.458600044,0.134877011,2.670399904,69.73010254,126.4666977
5103,59.61869812,7.126699925,0.163680986,2.646800041,62.0727005,110.2900085
5103.5,47.96089935,10.94519997,0.242120996,2.647900105,55.0100975,97.94259644
5104,55.47280121,37.77590179,0.24333401,2.681200028,68.64730072,130.5903931
5104.5,88.60829926,23.12669945,0.229297996,2.715899944,77.60890198,139.0525055
5105,99.38890076,3.387900114,0.096960001,2.716500044,76.15399933,135.4414063
5105.5,76.4736023,4.330200195,0.099532001,2.675100088,63.85010147,111.3777008
5106,66.4292984,5.342299938,0.144556999,2.664700031,57.61569595,100.1244965
5106.5,89.78829956,23.20910072,0.164489001,2.651799917,57.39279938,96.77819824
5107,78.68810272,36.20700073,0.220683008,2.655499935,60.40299606,101.1826019
5107.5,103.6878967,20.36300087,0.226222992,2.698499918,64.52929688,112.6299896
5108,93.78099823,11.02089977,0.250712007,2.671299934,69.04750061,123.3535004
5108.5,95.34400177,6.465300083,0.264396012,2.656399965,70.8042984,128.6517029
5109,100.1791,7.326000214,0.277866006,2.711800098,68.86250305,123.7534027
5109.5,101.1223984,6.52820015,0.283188999,2.661900044,73.51409912,136.6107025
5110,90.89880371,5.189799786,0.306315005,2.65260005,75.46980286,141.2476959
5110.5,110.3430023,4.20179987,0.276280016,2.698800087,75.13690186,140.3388977
5111,109.9814987,4.37680006,0.285806,2.732899904,79.79299927,150.7438965
5111.5,95.92179871,3.767699957,0.274195015,2.685800076,78.74639893,148.995697
5112,93.58149719,4.305699825,0.254489005,2.6796,76.41349793,141.729599
5112.5,114.0541992,4.60559988,0.234782994,2.673399925,75.21369934,141.1766968
5113,67.95680237,5.078000069,0.087919995,2.671700001,77.19819641,145.1078033
5113.5,42.26599884,4.889200211,0.070640996,2.697000027,70.30529785,129.0596924
5114,37.55970001,13.46770001,0.137153998,2.671600103,57.4828949,104.1661987
5114.5,74.54160309,45.33610153,0.16069901,2.684099913,57.84980011,99.70249939
5115,91.46959686,24.38820076,0.190336004,2.670300007,62.69959641,107.1872025
5115.5,79.90930176,14.16590023,0.24677299,2.700999975,65.11090088,113.0692978
5116,96.49960327,11.35280037,0.254958004,2.663300037,70.49510193,127.5858002
5116.5,81.61360169,5.466199875,0.253360987,2.685300112,74.84169769,136.4557037
5117,89.17220306,5.330699921,0.274866015,2.695499897,73.60109711,133.8744049
5117.5,105.1672974,4.895699978,0.274349004,2.71449995,74.7594986,136.4519043
5118,107.0784988,4.443999767,0.157081008,2.686399937,77.72769928,144.4091034
5118.5,74.70870209,4.272099972,0.185153008,2.683199883,69.14119721,128.2032013
5119,77.7888031,9.460000038,0.201379001,2.674799919,63.7963028,113.2938004
5119.5,83.82910156,9.075099945,0.213992,2.663199902,65.72920227,115.8490982
5120,88.0059967,8.279500008,0.155251995,2.663599968,66.54689789,118.4340057
5120.5,67.60749817,7.072899818,0.093328998,2.717999935,67.04250336,125.5598068
5121,44.02830124,7.858099937,0.052324999,2.703799963,64.01260376,121.0466003
5121.5,15.05169964,13.88029957,0.07158,2.681999922,51.32970047,98.38329315
5122,34.09270096,37.93930054,0.090833999,2.660099983,51.51919937,99.18319702
5122.5,75.2378006,35.73249817,0.062442999,2.69020009,65.09259796,113.8444977
5123,47.45270157,8.428799629,0.081772,2.722300053,59.85789871,108.3733978
5123.5,78.58650208,30.56089973,0.196616992,2.673399925,53.41880417,95.60678864
5124,109.4141007,29.21389961,0.258376986,2.669500113,68.53119659,124.7531967
5124.5,110.0162964,4.330500126,0.292243987,2.642299891,76.35209656,139.5278015
5125,125.3087997,3.983099937,0.297609985,2.638600111,79.56459808,149.4114075
5125.5,77.52909851,2.816400051,0.261180013,2.693900108,84.5121994,161.2599945
5126,94.88890076,2.835500002,0.206119001,2.705499888,76.2206955,138.3128052
5126.5,75.5625,4.930399895,0.122067004,2.690000057,74.60279846,134.6251068
5127,69.10700226,7.751299858,0.133739993,2.693200111,61.88700104,113.3374023
5127.5,52.26240158,9.247900009,0.100753002,2.687099934,64.22879791,115.254097
5128,38.97100067,15.48219967,0.098828003,2.680999994,63.51250076,112.6118927
5128.5,57.5345993,27.32410049,0.227259994,2.666800022,58.16389847,104.2655029
5129,86.40480042,21.94389916,0.245413005,2.678999901,63.57099915,117.2795029
5129.5,82.33209992,5.202199936,0.253899992,2.684000015,71.70339966,133.3386993
5130,101.1724014,5.941999912,0.30359599,2.683599949,71.99610138,132.9017944
5130.5,102.5296021,4.460400105,0.287119985,2.664200068,80.53858948,157.8409882
5131,108.3507004,3.007400036,0.275828987,2.681899786,80.88300324,152.5988007
5131.5,96.88890076,3.305799961,0.233897001,2.747100115,81.78250122,153.6400909
5132,84.9905014,3.148600102,0.219964013,2.674799919,76.84060669,141.9667969
5132.5,79.61530304,7.081999779,0.240585998,2.691600084,68.88839722,124.4265976
5133,109.4054031,6.054900169,0.305996001,2.656699896,70.12550354,132.778595
5133.5,113.4346008,2.668100119,0.308827013,2.655499935,80.90460205,163.7026062
5134,99.6937027,2.321099997,0.322552979,2.638000011,87.3640976,172.6251984
5134.5,105.7830963,2.251600027,0.286861986,2.667900085,87.31060028,173.001297
5135,98.97530365,2.097800016,0.278400987,2.678100109,81.68659973,148.1940002
5135.5,102.9524994,4.023099899,0.295394987,2.664800167,77.16560364,144.9983978
5136,99.23899841,3.904200077,0.302066982,2.684999943,79.04029846,149.5070038
5136.5,108.6600037,3.617599964,0.231676996,2.704200029,78.34079742,145.532898
5137,87.03230286,4.056600094,0.177404001,2.681699991,74.1934967,137.5074005
5137.5,75.73799896,7.999000073,0.149644002,2.689500094,65.94960022,123.6755981
5138,69.56629944,10.2816,0.210266992,2.668299913,65.46589661,133.5944977
5138.5,100.4172974,4.173200131,0.267547995,2.680700064,79.12229919,147.6461945
5139,87.31569672,4.156899929,0.230050996,2.671200037,76.37219238,140.1269989
5139.5,70.02819824,4.359600067,0.180193991,2.66960001,70.12950134,127.8268967
5140,93.13220215,6.92140007,0.207884014,2.651000023,71.13619995,129.3480072
5140.5,84.76499939,5.13710022,0.202591986,2.66779995,74.02960205,133.7933044
5141,64.87740326,5.863800049,0.197300002,2.684600115,68.63580322,125.8466034
5141.5,83.97489929,7.87319994,0.224409014,2.676300049,72.51699829,133.3090057
5142,64.96589661,5.252999783,0.184682995,2.687400103,69.063797,128.396698
5142.5,45.33420181,8.425900459,0.128350005,2.71329999,59.63010025,112.088501
5143,84.83719635,14.59399986,0.171728,2.69630003,66.44120026,122.8487015
5143.5,81.66139984,5.207600117,0.227201998,2.668100119,71.67250061,135.4768066
5144,98.25080109,4.834899902,0.268900991,2.657500029,75.92488861,145.6851959
5144.5,95.85630035,3.370599985,0.258776009,2.668200016,79.00759888,150.6607819
5145,97.90370178,3.749000073,0.258960992,2.695100069,77.56478882,146.7774963
5145.5,106.4011993,3.654000044,0.264881998,2.637000084,78.73870087,148.0151062
5146,57.35910034,4.602900028,0.215534985,2.727300167,69.62940216,125.438797
5146.5,27.21139908,28.68560028,0.049865998,2.719300032,51.74020004,93.93099976
5147,57.03499985,93.29219818,0.055727001,2.695499897,53.29449844,96.290802
5147.5,61.13059998,37.07849884,0.093760006,2.711999893,58.08110428,100.7491989
5148,71.97470093,27.67219925,0.123142004,2.67779994,57.21060181,103.495903
5148.5,61.83420181,20.29430008,0.134462997,2.701999903,60.41629791,106.5358963
5149,69.71549988,21.31559944,0.128389001,2.685300112,60.69940567,106.6046066
5149.5,69.79389954,15.78899956,0.157647997,2.688499928,63.1169014,111.5463028
5150,69.8486023,13.20489979,0.194738999,2.710599899,62.54050064,112.8543015
5150.5,88.0687027,11.56029987,0.240835995,2.699399948,64.28679657,116.3459015
5151,103.7437973,7.069300175,0.241210997,2.69020009,68.96530151,127.1411972
5151.5,96.31430054,6.874199867,0.252357006,2.685600042,69.35030365,127.703598
5152,105.1640015,6.198999882,0.237992004,2.654999971,71.17449951,130.2328033
5152.5,98.44400024,5.015299797,0.249391988,2.681699991,73.2519989,134.9255981
5153,98.61009979,6.610599995,0.265641987,2.67689991,72.45670319,133.3134003
5153.5,109.5682983,5.963600159,0.252400011,2.670799971,71.48809815,129.6363983
5154,98.67939758,5.630199909,0.241112009,2.683799982,73.00499725,134.709198
5154.5,95.97589874,5.647600174,0.230629996,2.681899786,72.64900208,133.2097931
5155,107.5251999,5.965000153,0.221140996,2.680000067,71.7480011,131.7642975
5155.5,89.70749664,7.613100052,0.208782002,2.694099903,69.14129639,124.4412003
5156,93.21520233,8.663700104,0.231420994,2.683099985,66.30390167,118.4391022
5156.5,104.9916,9.242500305,0.250634998,2.686000109,68.56430054,123.6529007
5157,104.1462021,7.275800228,0.247103006,2.700299978,71.3757019,131.9631043
5157.5,98.45850372,5.699699879,0.178055987,2.71329999,73.36000061,140.2758942
5158,70.58350372,7.491700172,0.184041008,2.70359993,65.22129822,121.3336105
5158.5,67.02050018,10.51879978,0.123209998,2.669199944,63.55490494,117.4661026
5159,92.60970306,19.60409927,0.277884007,2.671900034,67.78119659,136.4615021
5159.5,100.4187012,4.762599945,0.278030008,2.668299913,78.41999817,149.0124054
5160,105.2092972,3.991600037,0.278174996,2.664700031,76.39759827,142.3840027
5160.5,105.4341965,4.79309988,0.283206999,2.67930007,74.91069794,141.7572937
5161,93.70359802,4.452499867,0.270366997,2.684099913,74.33350372,141.0767975
5161.5,104.6835022,4.816899777,0.290041,2.673099995,76.83641052,149.0213013
5162,102.9866028,3.954600096,0.300749004,2.671299934,78.42019653,152.7821045
5162.5,113.6712036,3.740200043,0.291132003,2.668200016,76.82160187,148.0727997
5163,115.9645004,4.196400166,0.299916983,2.664499998,77.3030014,151.0155029
5163.5,127.0774002,3.623600006,0.318132013,2.671900034,79.49209595,158.2536774
5164,123.5458984,3.203900099,0.331463993,2.658799887,81.04779816,162.1728973
5164.5,111.229599,2.999700069,0.323484987,2.66230011,82.51000977,164.1513062
5165,117.3131027,3.201200008,0.317907989,2.650700092,82.47608948,162.2480011
5165.5,94.07800293,2.965600014,0.303950995,2.713900089,82.4210968,160.9810028
5166,51.59299851,4.725900173,0.161392987,2.696399927,75.17479706,141.9839935
5166.5,74.8227005,14.14599991,0.140138999,2.690999985,64.88159943,119.5199966
5167,75.31109619,7.422299862,0.181217,2.6881001,66.77960205,123.8949966
5167.5,52.67160034,8.52270031,0.156893998,2.71269989,64.63200378,121.1281967
5168,108.870697,7.089600086,0.183754012,2.669399977,66.02999878,126.4998016
5168.5,91.38020325,2.545599937,0.282804996,2.667200089,77.41369629,159.3105011
5169,85.45580292,4.991499901,0.265368998,2.700500011,80.23100281,153.845398
5169.5,77.34940338,6.482999802,0.197884008,2.681799889,66.8132019,124.7464981
5170,90.84559631,5.927000046,0.216793999,2.6723001,70.82869721,132.4449005
5170.5,94.20680237,4.659200192,0.219965994,2.6723001,71.75319672,135.7245026
5171,96.53679657,4.337600231,0.245166004,2.683000088,74.54920197,141.4472961
5171.5,113.9682007,3.892400026,0.260942012,2.677000046,77.73459625,149.7471924
5172,66.19960022,4.099100113,0.266497016,2.667700052,77.07119751,146.9143066
5172.5,85.24549866,9.866999626,0.182428002,2.690099955,65.8864975,120.6041031
5173,77.54509735,9.919899941,0.172021002,2.692199945,64.89530182,116.9166031
5173.5,88.81680298,9.618000031,0.194571987,2.6881001,66.43810272,120.8197022
5174,89.90920258,6.894999981,0.203576997,2.676500082,69.60310364,128.4302063
5174.5,89.18990326,5.605000019,0.243946984,2.676300049,72.6855011,134.9813995
5175,88.51730347,4.878099918,0.236165002,2.678100109,72.80269623,134.3813934
5175.5,85.6414032,7.971199989,0.222333998,2.70539999,69.73989868,124.9972
5176,75.22689819,6.996200085,0.176128998,2.67750001,66.76820374,121.6637039
5176.5,68.10469818,10.42700005,0.157388002,2.672100067,64.45819855,115.4988022
5177,82.91059876,8.916099548,0.174104989,2.672899962,66.61640167,119.5194016
5177.5,82.125,8.781599999,0.18670401,2.683500052,66.39209747,119.4806976
5178,93.06420136,6.749899864,0.202693,2.665499926,68.99819946,124.9231033
5178.5,102.0093994,4.879099846,0.224122003,2.670599937,74.50530243,138.6443939
5179,99.95960236,4.010499954,0.255539,2.683799982,76.85140228,145.9353027
5179.5,81.03929901,5.16779995,0.252974004,2.671900034,73.30449677,136.5032044
5180,56.09899902,8.791500092,0.158300996,2.682699919,64.80580139,119.7361984
5180.5,120.0513001,6.647699833,0.152054995,2.69020009,75.47119904,154.0960999
5181,123.2414017,2.467700005,0.327033997,2.63380003,86.28240204,166.8204956
5181.5,70.89839935,2.937200069,0.279848993,2.681999922,77.40219879,146.910202
5182,47.46989822,16.31509972,0.118272997,2.679399967,61.13430023,116.850502
5182.5,38.45550156,38.04320145,0.069635004,2.716500044,56.79539871,102.7475967
5183,47.55780029,67.15619659,0.070953995,2.697499991,54.78979874,97.02390289
5183.5,49.57720184,54.42100143,0.078055002,2.676700115,55.60509872,98.02549744
5184,59.41220093,33.14649963,0.098142996,2.681200028,57.87779999,103.1285934
5184.5,68.16500092,21.15800095,0.125811994,2.681799889,59.71889877,106.7370987
5185,70.61990356,10.89159966,0.286152005,2.690599918,63.16820145,114.0738983
5185.5,70.84529877,9.083200455,0.283784986,2.677599907,66.2263031,119.2291031
5186,105.8590012,5.986999989,0.216970012,2.696799994,72.13400269,133.821106
5186.5,108.0007019,3.960400105,0.233661994,2.674400091,76.88459015,145.7854004
5187,128.4577942,3.405800104,0.296077013,2.659100056,79.04219818,151.4223023
5187.5,83.98709869,3.960700035,0.279215992,2.639300108,77.0699997,144.008194
5188,104.7498016,6.844900131,0.198481008,2.702100039,71.71790314,133.2613068
5188.5,105.8965988,3.944200039,0.099597998,2.680099964,69.47100067,129.9349976
5189,120.7148972,3.25819993,0.12861301,2.672800064,76.11229706,146.8943024
5189.5,52.74639893,3.600399971,0.149141997,2.670099735,81.96589661,159.2312012
5190,46.87210083,14.25580025,0.173346996,2.684700012,66.84159851,127.104599
5190.5,59.2655983,13.76239967,0.202366009,2.669199944,58.99349976,108.975502
5191,74.00479889,9.178299904,0.239571005,2.663599968,64.47530365,117.8701019
5191.5,67.6595993,7.875899792,0.24545601,2.663000107,66.56860352,121.8255997
5192,86.28070068,6.777800083,0.263128996,2.65440011,67.665802,125.1950989
5192.5,97.08159638,4.268199921,0.287248999,2.651299954,73.4552002,136.6533051
5193,94.3687973,4.05670023,0.272637993,2.656699896,75.27309418,141.7196045
5193.5,97.41290283,3.834500074,0.168204993,2.694000006,76.65039063,145.0068054
5194,101.8921967,3.228399992,0.122686997,2.702899933,79.31629944,152.0693054
5194.5,112.3292007,2.629199982,0.186618,2.654700041,83.01010132,159.8925934
5195,72.66419983,4.038099766,0.178780988,2.659199953,78.42639923,149.8666992
5195.5,48.5428009,9.322799683,0.277770996,2.642400265,65.10040283,121.3159027
5196,49.04349899,13.48009968,0.269578993,2.679100037,60.37770462,113.4838028
