DEPT,ECGR,RD,DTCO,DTSM,RHOB,TNPH
4706,87.10600281,2.429399967,63.50979996,125.8618012,2.70449996,0.185849994
4706.5,114.0807037,4.481599808,53.43849945,94.46029663,2.6881001,0.198785991
4707,132.6038971,7.799900055,56.312603,104.6554031,2.587300062,0.094618999
4707.5,76.12290192,9.861200333,60.56669998,112.198494,2.5631001,0.071419001
4708,81.05149841,7.311500073,70.8030014,120.3024979,2.584800005,0.173160002
4708.5,127.5966034,4.337500095,75.04599762,122.4664002,2.477200031,0.134398997
4709,139.8020935,5.845799923,62.88840103,103.8286896,2.474400044,0.262040019
4709.5,116.691597,16.51169968,63.05480194,103.7837982,2.667500019,0.160774991
4710,125.3780975,19.84830093,69.43720245,112.2987976,2.693100214,0.155726001
4710.5,126.3054962,14.14120007,62.96400452,112.0964966,2.698699951,0.119599998
4711,138.8235016,18.1923008,62.97589874,104.273201,2.664400101,0.121084005
4711.5,109.9940033,20.12000084,63.42510223,104.7284012,2.681200028,0.226193994
4712,140.9685059,21.54409981,64.5951004,111.879097,2.633500099,0.206613004
4712.5,126.4981995,17.19960022,63.83679962,114.7385025,2.857599735,0.188924015
4713,114.1675034,19.65250015,60.40919876,104.3630981,2.877599955,0.263593018
4713.5,111.4095001,22.66419983,59.31720352,104.3572006,2.906800032,0.344781011
4714,31.49620056,29.84000015,61.26280212,101.688797,2.700200081,0.193286985
4714.5,35.55899811,19.80529976,64.24649811,97.99669647,2.538800001,0.190599993
4715,32.13610077,29.34880066,57.10520172,91.76709747,2.521699905,0.135712996
4715.5,31.36429977,62.38349915,62.49439621,103.8391037,2.484699965,0.121091992
4716,31.74099922,102.4934006,61.33420181,113.4048004,2.459500074,0.125337005
4716.5,47.3757019,61.56389999,59.38380051,86.03910065,2.491100073,0.128374994
4717,29.64509964,73.39569855,61.9353981,112.3364029,2.498600006,0.108823992
4717.5,34.29339981,34.00149918,69.48690033,112.8852997,2.500299931,0.087236993
4718,70.63610077,13.61060047,68.00270081,120.0698013,2.581099987,0.151759997
4718.5,69.36769867,18.32530022,72.51080322,105.4048996,2.528100014,0.157117993
4719,82.21859741,30.4715004,68.41100311,113.8976975,2.530800104,0.135537997
4719.5,72.54100037,41.90060043,66.39610291,104.153801,2.517299891,0.188462004
4720,56.19250107,76.06469727,61.34629822,93.81680298,2.556099892,0.112504996
4720.5,49.7643013,85.19139862,61.09469605,112.0859985,2.546999931,0.106815003
4721,66.1065979,61.86750031,64.84059906,103.9147034,2.572900057,0.125198007
4721.5,61.14799881,51.53929901,70.92289734,113.9431992,2.535099983,0.139566004
4722,53.08119965,43.38570023,69.20210266,104.8136978,2.513000011,0.130115002
4722.5,58.2663002,36.83720017,71.48819733,112.2005997,2.562700033,0.112946995
4723,61.36750031,28.66320038,66.27110291,112.7341003,2.687200069,0.128541008
4723.5,83.96749878,17.33040047,62.12979889,104.1920013,2.655100107,0.140676007
4724,100.729599,15.1196003,59.47409439,69.26180267,2.611299992,0.181107998
4724.5,62.66880035,23.04540062,58.97299957,103.0819016,2.483200312,0.15586701
4725,54.61330032,48.33259964,62.27669907,86.23529816,2.504199982,0.108957008
4725.5,63.17490006,99.98989868,62.95729828,95.83699799,2.505300045,0.113008
4726,61.60990143,71.5483017,63.50929642,90.09190369,2.515000105,0.126445994
4726.5,52.31779862,69.93070221,60.4280014,98.21920013,2.485100031,0.114122003
4727,53.0401001,90.39820099,60.85829926,120.0354996,2.349900007,0.122354001
4727.5,48.96070099,103.8756027,56.8105011,105.1144104,2.492199898,0.119199
4728,48.49950028,190.6665039,68.92639923,125.2093964,2.443100214,0.137730002
4728.5,34.85689926,505.3125916,63.165905,97.94229889,2.453700066,0.138385996
4729,42.35469818,375.978302,68.33049774,101.4695969,2.442399979,0.095441997
4729.5,45.9056015,128.8609924,65.66840363,105.0117035,2.538399935,0.105599001
4730,44.57550049,63.66659927,66.96700287,111.0411987,2.400599957,0.136480004
4730.5,18.62969971,100.990799,69.01450348,96.70330048,2.468899965,0.134642005
4731,12.28950024,274.9104919,57.48680115,89.76580048,2.373600006,0.091812
4731.5,15.82719994,187.0350037,64.3565979,105.4330978,2.47300005,0.077460997
4732,26.06480026,56.11869812,65.08860016,128.0776062,2.531800032,0.117018007
4732.5,28.16670036,19.63050079,80.27960205,151.1316071,2.663399935,0.183521003
4733,19.56439972,4.629899979,76.8381958,146.9665985,2.916500092,0.456869006
4733.5,24.86759949,4.11619997,74.18280029,147.7987061,2.897000074,0.526358962
4734,20.3470993,4.293300152,72.26999664,140.7084961,2.84800005,0.516196013
4734.5,19.36440086,4.006400108,76.90880585,149.7102051,2.739000082,0.510879993
4735,22.24900055,3.22420001,77.94330597,149.1040955,2.625799894,0.509045959
4735.5,23.42860031,2.677000046,72.69419861,142.5960999,2.703999996,0.504163027
4736,24.35810089,2.59739995,71.44719696,142.4597015,2.825000048,0.493764013
4736.5,27.4734993,2.425699949,84.27919769,163.2478943,2.849900007,0.476624996
4737,33.55870056,2.033299923,84.40599823,166.5670929,2.830199957,0.501357973
4737.5,38.57009888,1.921499968,86.4240036,165.7662964,2.713099957,0.461859018
4738,40.22660065,1.90929997,82.47789002,155.9810028,2.738600016,0.473324001
4738.5,42.71889877,2.019099951,82.05599976,161.2046051,2.778899908,0.402629018
4739,40.59899902,2.752199888,78.79309082,141.2021942,2.701100111,0.350511015
4739.5,20.86300087,8.322699547,56.81240082,111.8443985,2.743299961,0.276427001
4740,11.6505003,37.82580185,52.77209854,104.1043015,2.734699965,0.195358008
4740.5,9.656999588,40.99909973,58.50900269,104.0133896,2.738899946,0.199932993
4741,21.54899979,28.89170075,57.16220093,104.3146057,2.772699833,0.228087008
4741.5,17.56369972,15.82120037,58.88080216,106.2916031,2.743700028,0.255066007
4742,11.54609966,14.33199978,59.7519989,111.530098,2.717600107,0.271026015
4742.5,21.99270058,14.88160038,60.38740158,106.6727982,2.665999889,0.230874002
4743,11.98040009,22.93580055,60.34619904,110.9143982,2.709000111,0.245841011
4743.5,10.22089958,64.98480225,60.36530304,111.4738007,2.813699961,0.208244994
4744,11.29489994,97.38950348,60.43440247,112.6079025,2.763000011,0.216023013
4744.5,14.36050034,91.35590363,62.75590134,119.308403,2.680500031,0.233752996
4745,13.4449997,54.87730026,69.25270081,126.0279999,2.619199991,0.273763001
4745.5,14.15149975,39.19689941,74.66950226,131.1226044,2.626899958,0.294748008
4746,12.73929977,47.32180023,76.72840118,133.277298,2.568500042,0.29806602
4746.5,11.53549957,81.48239899,74.64129639,133.858902,2.613600016,0.312094003
4747,10.64480019,90.74849701,71.35520172,134.8726959,2.598999977,0.319316983
4747.5,10.19690037,26.06489945,75.24939728,147.7276001,2.651900053,0.350713015
4748,31.47550011,7.347199917,86.48390961,160.7942047,2.609499931,0.465201974
4748.5,50.7798996,4.139999867,85.32099915,156.9877014,2.554899931,0.548017979
4749,40.48310089,4.077700138,84.42769623,157.3327942,2.578700066,0.569875956
4749.5,21.12330055,3.642800093,83.4885025,157.1401978,2.665100098,0.573895991
4750,22.5468998,1.727699995,84.50640106,158.8251038,2.963500023,0.561304987
4750.5,21.5435009,1.116899967,84.91159821,165.4203949,2.700500011,0.538525999
4751,20.54000092,1.098500013,83.69680023,162.661499,2.622400045,0.550606966
4751.5,24.09830093,1.053900003,87.59660339,167.6477051,2.717700005,0.564584017
4752,26.47260094,1.00759995,87.96669769,168.0496063,2.704600096,0.544911981
4752.5,21.24020004,0.985499978,86.08999634,165.9017029,2.704600096,0.541909993
4753,22.84460068,0.953299999,87.14679718,162.5980988,2.707999945,0.562224984
4753.5,17.72599983,1.027400017,80.83869934,156.5690002,2.68659997,0.545700014
4754,21.06550026,1.132200003,80.23300171,156.491806,2.696899891,0.51630199
4754.5,26.54920006,1.038100004,88.82730103,173.3890991,2.612600088,0.535395026
4755,28.77949905,0.92900002,85.87799835,166.8789978,2.645200014,0.544023037
4755.5,32.65169907,0.939400017,86.82530212,169.0984039,2.57310009,0.532841981
4756,37.48939896,0.799000025,88.25779724,168.5677948,2.598099947,0.558144987
4756.5,41.20029831,0.72359997,90.66449738,176.219101,2.358500004,0.534518004
4757,49.95439911,0.814400017,92.53600311,184.5354004,2.190900087,0.521703005
4757.5,47.97589874,0.807699978,104.9039002,192.078598,2.269200087,0.51543498
4758,43.93880081,0.804199994,98.71820068,177.1152954,2.412699938,0.509944022
4758.5,34.5658989,0.939999998,100.4561997,193.5187988,2.116600037,0.516865969
4759,17.51210022,1.181800008,82.96800232,157.4877014,2.308000088,0.494394988
4759.5,9.176199913,2.112999916,63.2220993,120.2126007,2.637000084,0.419883996
4760,11.36970043,6.571700096,66.48179627,119.3990021,2.663599968,0.320423007
4760.5,10.61100006,16.22120094,61.31629944,110.3784027,2.668200016,0.292339981
4761,9.176199913,35.69350052,54.54339981,87.51090241,2.688299894,0.263797998
4761.5,8.460300446,93.52739716,55.43529511,93.4559021,2.601399899,0.240023002
4762,7.734399796,200.675705,52.77140045,96.55020142,2.664400101,0.244184002
4762.5,7.816800118,205.3491974,55.24720001,103.9859009,2.684299946,0.243850991
4763,6.616600037,96.8690033,58.49670029,95.9240036,2.631599903,0.237886995
4763.5,7.237299919,62.96379852,56.47180176,103.1222,2.512599945,0.245926991
4764,6.732500076,81.55449677,53.1977005,97.56600189,2.730200052,0.222994998
4764.5,9.095499992,118.4964981,55.45130158,104.0417938,2.744699955,0.239077002
4765,7.843200207,118.7921982,56.54589844,117.9497986,2.507699966,0.243285999
4765.5,7.057300091,108.9313965,58.87080002,120.0706024,2.588700056,0.246648014
4766,5.377099991,99.09660339,58.70669937,120.8598099,2.563499928,0.243845001
4766.5,5.547299862,82.53299713,58.66770172,119.0042038,2.717299938,0.242451996
4767,8.533200264,33.99340057,61.33269882,114.8095017,2.674099922,0.256058008
4767.5,15.02009964,10.30500031,68.63569641,121.8879013,2.625,0.348188013
4768,26.4265995,5.243199825,82.42440033,155.9407044,2.41079998,0.430558026
4768.5,60.30580139,3.722500086,93.05590057,176.313797,2.382200003,0.496206999
4769,106.4420013,4.138400078,89.81590271,169.5853119,2.448999882,0.487592012
4769.5,105.492897,4.560400009,79.27880096,147.019104,2.575200081,0.350154996
4770,104.5057983,4.689599991,83.68470001,153.8059998,2.44659996,0.333153993
4770.5,76.6832962,5.15899992,79.38580322,152.9759979,2.503099918,0.347356975
4771,46.54940033,3.351099968,83.97499847,158.3027954,2.485100031,0.419653028
4771.5,40.63700104,2.593600035,81.98880005,157.0091858,2.591700077,0.55644697
4772,43.02220154,2.771600008,82.60340118,154.3446045,2.569999933,0.576035976
4772.5,50.08300018,3.114700079,77.43099976,131.3677063,2.60710001,0.555656016
4773,43.59799957,3.932199955,74.54229736,148.1817017,2.38409996,0.504489005
4773.5,41.69589996,6.640999794,76.72229767,148.3430023,2.502000094,0.388852
4774,43.00650024,7.372499943,77.72059631,147.7478027,2.575599909,0.406608999
4774.5,62.93439865,4.311600208,81.10659027,145.2881012,2.530800104,0.502650976
4775,61.48849869,3.638000011,84.51859283,154.5792084,2.538599968,0.452949971
4775.5,39.30559921,2.843699932,87.98381043,166.5942993,2.394399881,0.472925007
4776,39.49470139,2.708899975,82.91339874,157.9898987,2.470799923,0.539089024
4776.5,26.98859978,3.130199909,73.44080353,132.1282959,2.527299881,0.549193025
4777,13.63640022,4.347300053,60.97140122,113.4842987,2.677200079,0.510955036
4777.5,14.47239971,11.74779987,58.34690094,111.9480057,2.706399918,0.443251997
4778,15.90859985,29.54820061,59.14590073,102.6801987,2.665400028,0.33652401
4778.5,16.8010006,47.08909988,56.37239838,96.32520294,2.660599947,0.329512
4779,19.43169975,94.02940369,52.31399918,104.2139969,2.724600077,0.328754991
4779.5,16.79360008,177.9326019,53.42149735,94.60440064,2.73939991,0.297039002
4780,18.05920029,215.5077057,52.58710098,92.8934021,2.732000113,0.254363984
4780.5,17.28310013,122.2740021,54.68880081,96.41819763,2.549799919,0.246774003
4781,17.30780029,133.3096924,52.33589935,93.09360504,2.774399996,0.247241989
4781.5,19.72480011,132.6997986,49.98049545,92.42169952,2.733400106,0.242753997
4782,19.02260017,108.4797974,52.36500168,94.63359833,2.759000063,0.24000299
4782.5,18.54770088,83.16739655,56.10509872,103.7973023,2.737099886,0.247982994
4783,18.21179962,149.820694,47.58470154,96.23940277,2.631799936,0.260858983
4783.5,18.47240067,340.7688904,50.6985054,89.93530273,2.5546,0.257676989
4784,16.82029915,708.6057129,51.44219971,88.17610169,2.559900045,0.261640996
4784.5,18.51600075,589.3223877,47.90439987,84.20279694,2.453500032,0.258397996
4785,17.97699928,535.7802734,46.48360062,90.27629852,2.094399929,0.240582004
4785.5,19.54789925,796.3026123,52.19820023,90.62580109,1.890100002,0.239629999
4786,17.6704998,820.6702271,42.79299927,85.0118103,1.990399957,0.261326999
4786.5,15.99800015,1050.812134,49.07089996,95.44080353,2.170900106,0.267446995
4787,17.94549942,1552.880371,61.57479858,86.86199951,1.651800036,0.280809999
4787.5,16.98839951,1296.93689,54.85609818,77.01519775,1.963799954,0.270659
4788,16.3404007,418.6026001,56.4897995,112.7471008,2.453000069,0.277628988
4788.5,17.10759926,327.156311,54.40139771,90.29129791,2.325000048,0.282148987
4789,19.27949905,288.7236023,52.9992981,114.1666031,2.645999908,0.265208006
4789.5,18.47240067,178.1842041,66.76180267,112.4891968,1.944300056,0.257059991
4790,19.07480049,96.6434021,55.19580078,86.66159821,1.926599979,0.241214007
4790.5,15.58590031,32.80939865,61.00570297,126.2705002,2.508100033,0.237282008
4791,17.17300034,20.49950028,71.96970367,135.0818939,2.723400116,0.228992999
4791.5,26.98600006,5.540800095,74.91279602,139.8058014,2.646100044,0.282271981
4792,46.98590088,3.98210001,80.25610352,153.9945984,2.663800001,0.336557984
4792.5,23.3939991,3.453500032,69.98670197,133.3406067,2.590600014,0.399711013
4793,22.96069908,5.738800049,66.0102005,123.1718979,2.620800018,0.360010982
4793.5,22.52739906,16.6480999,68.47810364,120.4269028,2.668200016,0.299270004
4794,22.80120087,20.61910057,66.94989777,123.4146957,2.6868999,0.264337987
4794.5,22.53280067,17.43379974,63.32360077,111.8141022,2.716700077,0.277833998
4795,22.34390068,22.24970055,65.28320313,113.1411896,2.746599913,0.290941
4795.5,20.62789917,24.51980019,61.44670105,130.7669983,2.59010005,0.281823993
4796,23.78109932,18.8029995,61.33620071,112.4991074,2.708199978,0.273669004
4796.5,24.75839996,14.86680031,65.88939667,113.6037979,2.701600075,0.279606998
4797,45.0984993,17.56690025,78.22200012,133.1566925,2.656300068,0.27592501
4797.5,99.20819855,18.10000038,73.51709747,127.9749985,2.51789999,0.273146004
4798,46.8431015,6.569099903,68.63670349,148.6425934,2.555599928,0.306829006
4798.5,29.76860046,8.205200195,68.40609741,126.3732987,2.585099936,0.319833994
4799,30.40839958,16.50760078,67.28859711,132.670105,2.325299978,0.284491986
4799.5,19.66640091,25.49300003,62.91239929,131.8175049,2.670599937,0.274479985
4800,20.26259995,27.60099983,61.08380127,119.7330017,2.703299999,0.28263101
4800.5,19.7901001,36.2989006,64.42070007,122.7682037,2.707000017,0.26137501
4801,19.76580048,25.84959984,64.6384964,122.2770004,2.704999924,0.271935999
4801.5,20.61079979,12.62419987,64.3391037,123.6626892,2.702300072,0.273104996
4802,23.94210053,20.33589935,60.30950546,118.6919022,2.702800036,0.28065902
4802.5,23.36840057,19.46249962,61.29269791,120.8220978,2.78640008,0.281509996
4803,24.47459984,23.55890083,60.7655983,118.8570023,2.764100075,0.252322018
4803.5,22.28499985,26.0366993,60.70640183,118.9251022,2.797600031,0.228659004
4804,23.75320053,25.53440094,60.69960022,115.0728989,2.799099922,0.225536004
4804.5,23.59589958,27.90270042,60.66759872,123.2406006,2.788899899,0.224840999
4805,20.9741993,25.13419914,62.32689667,120.0602036,2.735100031,0.251278013
4805.5,20.74239922,18.76169968,62.87889862,121.723999,2.719799995,0.269041985
4806,26.69319916,17.31769943,59.99449921,105.5054016,2.691999912,0.264598012
4806.5,109.078598,17.1140995,80.16169739,140.9272003,2.576999903,0.238636002
4807,104.1903,4.636000156,94.88210297,193.658905,2.140799999,0.249090999
4807.5,54.49769974,2.703099966,74.72570801,135.508606,2.089999914,0.399942011
4808,32.07540131,3.071899891,66.52010346,127.1651993,2.67140007,0.464623004
4808.5,20.73730087,5.365099907,68.48809815,130.7778015,2.708400011,0.393885016
4809,18.71660042,7.256599903,67.66860199,125.3604965,2.71690011,0.356427014
4809.5,18.45459938,8.318200111,67.65059662,128.2106018,2.711699963,0.36213699
4810,16.69799995,11.53689957,63.16490173,122.6717072,2.708300114,0.324840009
4810.5,17.19739914,12.1949997,65.5042038,124.7862015,2.72939992,0.324809998
4811,17.69680023,12.31840038,68.40399933,126.5730972,2.666599989,0.329039007
4811.5,16.86940002,10.87199974,64.98680115,123.4392014,2.706399918,0.321451992
4812,17.30430031,10.05379963,58.53229904,113.8376007,2.739900112,0.322678
4812.5,22.39080048,11.32660008,54.69739914,106.5586929,2.770200014,0.290872008
4813,23.4375,20.29030037,56.87950134,106.1869049,2.802999973,0.282454997
4813.5,19.15999985,27.62649918,60.34999847,112.2545929,2.788500071,0.261201978
4814,18.15430069,18.70140076,63.12369919,119.9216003,2.766799688,0.271158993
4814.5,19.66329956,12.55150032,62.36999893,122.8438034,2.719399929,0.271335006
4815,23.42499924,16.55680084,70.50279999,125.592598,2.662699938,0.286006004
4815.5,66.89089966,11.95390034,85.88590241,169.4282837,2.487400055,0.315261006
4816,45.60329819,5.18389988,91.70200348,176.0164948,2.505899906,0.296429008
4816.5,36.67169952,3.210599899,83.57420349,165.3963013,2.48390007,0.344808996
4817,28.74729919,3.774800062,76.41990662,141.4660034,2.426199913,0.432532013
4817.5,35.09149933,5.640200138,58.62720108,133.9725952,2.488800049,0.354198009
4818,68.72380066,8.402000427,80.57869721,173.752594,2.482500076,0.331337005
4818.5,53.83340073,7.110499859,69.87580109,159.2765961,2.577800036,0.336204976
4819,83.64790344,3.250400066,86.62020111,158.7898102,2.538100004,0.439752996
4819.5,88.584198,2.258300066,85.14459992,161.0726166,2.686000109,0.380998999
4820,88.67379761,1.981999993,89.60970306,164.8273926,2.693799973,0.396357
4820.5,75.33390045,1.540599942,81.44000244,160.4931946,2.709399939,0.403541982
4821,54.01860046,1.29400003,70.80529785,141.2306061,2.681999922,0.376850992
4821.5,87.09780121,1.328400016,90.78209686,161.9557037,2.686399937,0.316367
4822,38.05879974,1.22210002,80.30370331,147.690094,2.685199976,0.291581988
4822.5,30.34429932,1.175099969,71.52749634,134.262497,2.656300068,0.382290989
4823,89.91220093,1.623999953,82.39019775,145.6087036,2.564399958,0.348805994
4823.5,86.4332962,2.34710002,72.54180145,133.6793976,2.53640008,0.341293991
4824,148.1208954,3.4296,84.69229889,166.5028076,2.614099979,0.307752997
4824.5,110.469101,3.635999918,95.0986023,183.7059937,2.618200064,0.255452007
4825,67.58139801,2.719199896,66.49359894,118.6220017,2.572099924,0.309060991
4825.5,88.52929688,3.950900078,69.17669678,118.012001,2.514199972,0.341646016
4826,82.04650116,11.77219963,70.97769928,127.5709992,2.536200047,0.184552997
4826.5,109.1595001,9.247099876,78.4992981,141.4687958,2.587599993,0.206921995
4827,102.7029038,6.242199898,80.35399628,148.7411041,2.612699986,0.262288004
4827.5,105.2297974,4.081299782,83.6940918,152.7471924,2.568200111,0.297387004
4828,88.26080322,3.57220006,79.50140381,141.709198,2.608999968,0.264492005
4828.5,106.114502,3.78760004,84.40859985,153.9501038,2.638099909,0.316684008
4829,96.10079956,4.266300201,81.72190094,147.684906,2.633899927,0.366862983
4829.5,104.5446014,4.144899845,76.81169891,129.3220978,2.617399931,0.364150018
4830,40.04230118,4.492499828,72.39980316,113.2177963,2.60439992,0.336416006
4830.5,42.06330109,5.624100208,78.02739716,125.9062042,2.565500021,0.222395986
4831,83.93099976,5.315700054,72.42710114,117.8772965,2.458699942,0.144749999
4831.5,74.10739899,6.003600121,73.55419922,125.9806976,2.394500017,0.245669991
4832,113.0526962,6.416999817,89.49649811,163.6042938,2.413500071,0.221534997
4832.5,114.7957993,4.008100033,79.4763031,158.1573181,2.597300053,0.191753998
4833,80.18900299,2.917700052,83.14499664,152.7138062,2.571199894,0.344222993
4833.5,24.01490021,2.909699917,73.64749908,133.3643036,2.655800104,0.380952001
4834,17.72290039,3.849999905,72.51540375,132.6820068,2.550400019,0.387657017
4834.5,20.87059975,5.334199905,68.4858017,129.1663971,2.618299961,0.350847006
4835,16.24880028,9.347200394,68.27510071,131.7548065,2.611900091,0.325130016
4835.5,14.85420036,8.205800057,71.67919922,129.3009033,2.640599966,0.310902
4836,16.60840035,7.493999958,69.11119843,132.6911926,2.658699989,0.324576974
4836.5,15.62580013,7.264800072,71.28350067,135.4458008,2.615700007,0.359761
4837,16.86650085,7.200300217,70.79620361,134.1515961,2.638200045,0.339911997
4837.5,17.78149986,7.252699852,68.31020355,130.7561035,2.635900021,0.329105973
4838,16.91519928,10.49979973,69.72350311,134.9031067,2.598599911,0.32437402
4838.5,32.53499985,8.760100365,77.13809204,143.1723023,2.583400011,0.365512997
4839,28.49530029,5.515699863,75.15319824,141.5570068,2.605400085,0.413352996
4839.5,40.37779999,3.949199915,76.71779633,141.3164978,2.605900049,0.434846997
4840,25.16040039,3.597300053,72.70220184,136.8708038,2.611900091,0.415024996
4840.5,27.29210091,3.65260005,71.3022995,134.7653046,2.645600081,0.414984018
4841,27.65089989,4.357600212,71.2594986,134.8040009,2.669100046,0.36492002
4841.5,28.52199936,5.72300005,71.05539703,132.1654053,2.631400108,0.357069016
4842,26.46990013,6.948299885,70.21050263,129.8798065,2.566699982,0.336917996
4842.5,27.40329933,6.271999836,70.78939819,132.2510071,2.636800051,0.311840981
4843,21.49819946,6.35160017,70.34049988,128.8598938,2.648999929,0.332174003
4843.5,26.75399971,7.668900013,74.53040314,130.2834015,2.673799992,0.328189015
4844,39.47610092,5.831200123,70.78739929,133.4671936,2.655400038,0.295846015
4844.5,67.59899902,4.072199822,65.13639832,141.5355072,2.634900093,0.311194003
4845,85.4865036,2.522000074,78.47419739,155.8161011,2.631400108,0.341257006
4845.5,93.24890137,1.764000058,89.76650238,174.5859985,2.628599882,0.338207007
4846,89.91539764,1.417000055,75.47820282,155.6587982,2.433500052,0.40911597
4846.5,79.62400055,1.378000021,69.20809937,131.5455933,2.591399908,0.444598019
4847,60.10110092,1.423400044,67.209198,125.6772995,2.701800108,0.415107012
4847.5,20.57099915,1.753299952,67.38619995,125.2341003,2.694600105,0.358419985
4848,22.27890015,2.487200022,67.24220276,126.0531998,2.697999954,0.281011015
4848.5,23.98670006,3.580899954,66.60990143,125.9222031,2.603100061,0.232914999
4849,20.53949928,4.648200035,66.53430176,124.719101,2.609200001,0.245191991
4849.5,21.00819969,6.43200016,66.38780212,124.8230972,2.624599934,0.28747499
4850,22.47850037,7.873000145,65.13020325,121.7054977,2.526599884,0.283701986
4850.5,21.92009926,8.545200348,64.71859741,112.0990982,2.565000057,0.281172007
4851,23.57579994,8.225199699,65.34870148,130.2082977,2.620899916,0.275874019
4851.5,24.35659981,8.779999733,59.29000092,113.2126007,2.813199997,0.282959014
4852,22.55089951,10.05490017,63.04399872,113.9950028,2.735500097,0.269948989
4852.5,21.24399948,9.461600304,59.47480011,112.3475952,2.690900087,0.259218991
4853,22.69989967,10.38759995,60.89649963,119.8750992,2.66689992,0.266398996
4853.5,22.13969994,10.59420013,61.70679855,115.2333984,2.681400061,0.269721001
4854,21.6345005,9.466400147,63.42350006,121.263298,2.60890007,0.270691991
4854.5,22.66650009,9.020400047,66.98110199,134.1752014,2.711400032,0.276733011
4855,57.12080002,7.628799915,92.36840057,168.1437988,2.694000006,0.301881999
4855.5,68.67900085,2.72939992,98.08509064,186.9277039,2.555799961,0.445987016
4856,69.104599,1.439299941,100.3162003,189.6643066,2.571199894,0.471456975
4856.5,64.95559692,1.094699979,95.44889832,183.8860016,2.653600216,0.473067015
4857,52.21419907,1.025200009,93.96949768,177.8527985,2.650000095,0.462697983
4857.5,53.34749985,1.112100005,93.57920075,176.7250061,2.640899897,0.481501997
4858,47.49720001,1.220399976,89.4539032,157.3656006,2.521899939,0.480728984
4858.5,45.83929825,1.708600044,76.59719849,140.2563019,2.432899952,0.387647033
4859,47.04589844,2.451299906,61.32769775,163.6369934,2.669100046,0.399403989
4859.5,82.59770203,2.073999882,76.1269989,234.8664856,1.651299954,0.487197012
4860,74.03679657,1.527899981,104.522789,234.8639069,2.114700079,0.441870004
4860.5,78.46600342,1.087700009,94.80249786,167.6888886,2.327300072,0.458814025
4861,86.3227005,0.92750001,97.49189758,184.2830048,1.934900045,0.454272002
4861.5,87.08959961,1.064499974,98.28959656,194.4636993,1.888299942,0.427574992
4862,82.03440094,1.177800059,94.50421143,196.7839966,1.898499966,0.462296993
4862.5,82.0739975,1.128700018,106.4749985,214.4156952,1.791399956,0.463089973
4863,80.82749939,1.095100045,110.3189011,220.0144959,2.028300047,0.46341598
4863.5,80.62239838,1.101699948,100.4620056,191.1931,2.373500109,0.438306004
4864,72.71369934,1.086799979,91.36170197,178.9129944,2.597800016,0.421442986
4864.5,75.83249664,1.043599963,101.2758026,203.170105,2.700200081,0.410619021
4865,82.70050049,1.037299991,101.2236023,200.407196,2.251100063,0.424672991
4865.5,83.31340027,1.050699949,96.33539581,192.6363068,2.663399935,0.485959023
4866,80.16970062,1.042000055,93.53769684,191.9797058,2.667999983,0.446262002
4866.5,86.58280182,1.036499977,96.62950134,195.2476044,2.622100115,0.43739602
4867,90.71700287,1.030799985,92.43160248,175.7619934,2.564699888,0.455686986
4867.5,91.646698,1.005399942,79.91088867,175.9924011,2.049599886,0.458765
4868,90.26599884,0.94569999,122.7910004,166.376709,1.54400003,0.469556004
4868.5,94.41049957,0.934499979,179.5614014,220.3101044,1.525400043,0.479196012
4869,98.55500031,1.093999982,98.40029907,191.7064056,1.69509995,0.477507025
4869.5,96.38670349,1.277899981,92.30539703,169.9539948,2.270299912,0.487762988
4870,93.81759644,1.476400018,92.43160248,174.4078064,2.706199884,0.529920995
4870.5,106.2817001,1.406000018,95.14859772,192.9520111,2.713700056,0.506591976
4871,114.9353027,1.184900045,97.3500061,192.1535034,2.669199944,0.505792022
4871.5,111.1155014,1.00059998,94.96440125,189.227005,2.678299904,0.48842603
4872,107.986702,0.946699977,93.09519959,186.8990021,2.680900097,0.474049002
4872.5,101.8960037,0.92110002,91.12750244,184.9772034,2.634599924,0.478260994
4873,99.01409912,0.884599984,91.1917038,182.4644928,2.698199987,0.471260995
4873.5,92.62989807,0.91839999,80.53900147,155.7698059,2.60010004,0.469567984
4874,73.89150238,1.139999986,65.41840363,131.1631012,2.524300098,0.423364997
4874.5,39.69229889,2.04460001,65.2594986,122.9412003,2.600399971,0.284171015
4875,43.6310997,3.401000023,70.41660309,122.4608994,2.669899941,0.198050991
4875.5,42.1548996,3.635799885,64.15019989,123.711998,2.652299881,0.215233997
4876,37.24250031,4.195099831,56.71969605,123.2652969,2.621999979,0.272859007
4876.5,39.56330109,3.843899965,59.35489655,127.7180023,2.60710001,0.239519998
4877,40.17150116,3.126600027,64.30259705,125.3724976,2.609100103,0.268523991
4877.5,39.00180054,2.897799969,61.9067955,126.802803,2.606899977,0.301862001
4878,47.43009949,2.865999937,71.62159729,140.2062073,2.603199959,0.347274005
4878.5,41.42779923,2.745399952,74.66390228,131.0355072,2.619899988,0.352966011
4879,40.16070175,2.736700058,64.51210022,128.9756012,2.626499891,0.309547007
4879.5,42.3742981,2.816999912,70.74279785,130.3518066,2.589600086,0.301247001
4880,41.41040039,3.00180006,63.89229965,126.4256973,2.6329,0.338382989
4880.5,37.37080002,3.268899918,56.52980042,123.4729004,2.596299887,0.34632802
4881,33.50350189,3.523499966,58.78990173,114.0213089,2.631200314,0.324189991
4881.5,33.854599,3.477400065,69.74610138,124.6367035,2.586899996,0.221723989
4882,34.20569992,3.484299898,62.36920166,120.5098038,2.651299954,0.304230005
4882.5,35.96229935,3.785700083,68.49340057,129.1432037,2.599400044,0.272601992
4883,31.15430069,3.80979991,60.54000092,113.9740982,2.652899981,0.307507008
4883.5,31.57239914,3.440799952,58.65230179,114.3864975,2.654200077,0.192472994
4884,32.84090042,2.996500015,66.61209869,119.8277969,2.660300016,0.186644003
4884.5,32.73529816,3.089799881,61.95460129,118.6103973,2.654900074,0.209118009
4885,32.62969971,3.762000084,60.70809555,117.6492004,2.65170002,0.199845016
4885.5,31.02039909,4.681000233,62.84579849,117.7912064,2.661000013,0.182612002
4886,33.22840118,5.054399967,69.38800049,129.0856934,2.610800028,0.195205987
4886.5,66.1934967,3.068300009,87.45159912,160.827301,2.611099958,0.233651996
4887,70.1167984,1.784999967,85.81880188,165.8146973,2.617000103,0.387037993
4887.5,54.73239899,1.346500039,83.228302,160.6952057,2.596699953,0.428624004
4888,62.89640045,1.321400046,86.520401,161.2422028,2.58859992,0.412739992
4888.5,46.11539841,1.415300012,80.68840027,150.3540039,2.602099896,0.431879014
4889,48.87540054,1.734400034,75.39530182,148.4190064,2.575700045,0.407914013
4889.5,47.71630096,1.79610002,84.89559937,161.6779938,2.607899904,0.368058026
4890,36.68740082,1.759899974,73.39399719,147.3148956,2.602499962,0.44479999
4890.5,29.05870056,2.696099997,72.9878006,133.3871002,2.548199892,0.415279001
4891,37.69100189,3.259799957,82.53559876,143.009903,2.554100037,0.284227997
4891.5,47.00139999,2.245599985,84.42669678,152.7530212,2.605900049,0.30130899
4892,60.90119934,1.546399951,88.71499634,164.2886047,2.624200106,0.409872025
4892.5,64.65519714,1.341599941,90.56280518,165.2084045,2.580699921,0.436955005
4893,60.41239929,1.370700002,91.08660126,165.9279938,2.582000017,0.438320011
4893.5,58.58269882,1.342499971,87.50629425,162.8049011,2.573199987,0.44778198
4894,56.75299835,1.329599977,86.79419708,156.5791016,2.587199926,0.450085998
4894.5,55.84230042,1.479099989,80.57939911,148.5682068,2.575999975,0.408852011
4895,57.5617981,1.598399997,86.01610565,161.0780029,2.574500084,0.409528017
4895.5,52.32009888,1.433799982,83.05539703,158.5211945,2.567899942,0.418610007
4896,40.76399994,1.477300048,77.63890076,148.2393951,2.532099962,0.447634995
4896.5,57.59659958,1.629699945,78.12139893,169.9335938,2.531300068,0.420796007
4897,55.44049835,1.209800005,87.48439789,172.7604065,2.565599918,0.408270001
4897.5,52.53680039,1.013100028,83.88860321,167.6646881,2.572000027,0.501703978
4898,51.32490158,1.059700012,87.04019928,160.8191986,2.581899881,0.486669987
4898.5,29.83760071,1.16050005,64.41490173,139.9008942,2.58859992,0.513283014
4899,37.71689987,1.520499945,78.41769409,155.9403992,2.604000092,0.40802899
4899.5,37.10200119,1.582299948,83.03250122,154.5695038,2.609600067,0.399621993
4900,36.13980103,1.433599949,77.06459808,153.3419952,2.575000048,0.459856004
4900.5,53.44929886,1.233700037,86.7845993,157.3639984,2.572599888,0.476407021
4901,53.45270157,0.967800021,89.02050018,168.0272064,2.65350008,0.424133986
4901.5,47.98149872,0.903900027,90.52349854,168.5805969,2.562999964,0.478226006
4902,47.50030136,0.918099999,86.32790375,158.061203,2.574800015,0.462972999
4902.5,47.39239883,1.014199972,87.45929718,158.7964935,2.60770011,0.442103982
4903,40.84149933,1.085899949,87.19599915,159.4109955,2.573699951,0.419142008
4903.5,37.02429962,1.110200048,86.33460236,159.0518951,2.571199894,0.433223009
4904,43.45920181,1.31099999,85.64209747,155.7747955,2.554500103,0.449902982
4904.5,43.7820015,1.64470005,87.01940155,157.1148071,2.571500063,0.410108984
4905,47.29550171,1.558500052,88.57340241,158.649704,2.5618999,0.40715301
4905.5,45.44549942,1.345199943,86.99539948,156.2664948,2.555900097,0.423656017
4906,33.45980072,1.179800034,83.75740051,154.133606,2.584399939,0.418125987
4906.5,25.71100044,1.308799982,76.37180328,136.7456055,2.533899784,0.418821991
4907,29.31940079,1.782500029,76.70279694,143.0473938,2.506400108,0.39756
4907.5,32.8526001,2.05979991,85.5503006,156.6435089,2.628200054,0.402132005
4908,33.26819992,2.132800102,79.40699768,149.2723999,2.549400091,0.429530978
4908.5,43.51900101,2.111299992,84.45899963,151.3016968,2.58859992,0.412840009
4909,42.02799988,1.629699945,84.7410965,154.3437805,2.591200113,0.403615981
4909.5,29.70700073,1.3477,82.35900116,149.5110016,2.600199938,0.410049021
4910,23.27829933,1.58949995,79.06770325,142.6336975,2.587300062,0.421498984
4910.5,26.02689934,2.409100056,76.69709778,138.2583008,2.556600094,0.448522985
4911,28.77549934,3.414700031,78.44371033,142.3018951,2.503200054,0.423128992
4911.5,22.18779945,3.926199913,71.95880127,131.6421967,2.565099955,0.390746981
4912,22.51759911,4.539500237,70.4917984,127.1796036,2.570499897,0.39339
4912.5,26.59000015,7.962299824,75.20069885,135.4528046,2.543100119,0.357230991
4913,34.84149933,12.94169998,78.30519867,139.865799,2.54279995,0.35698399
4913.5,36.51539993,4.2645998,85.5772934,155.2404022,2.533899784,0.345176995
4914,29.13199997,3.611900091,84.63329315,149.1967926,2.545000076,0.326631993
4914.5,25.7390995,4.049200058,86.07659912,149.5044098,2.538100004,0.348464012
4915,22.34609985,4.929599762,72.97219849,133.2290955,2.543499947,0.375819027
4915.5,18.27350044,7.598899841,67.18340302,125.1947022,2.576800108,0.403468013
4916,17.77020073,14.52229977,68.4240036,124.0860977,2.590399981,0.366755992
4916.5,20.97550011,18.37630081,76.62120056,138.2086029,2.653600216,0.341744006
4917,24.47850037,15.26809979,73.29239655,130.5437012,2.56520009,0.314451009
4917.5,22.97170067,14.97210026,76.47959137,134.457901,2.590399981,0.284906
4918,21.35969925,17.28750038,72.70500183,133.2886047,2.580499888,0.29123199
4918.5,23.57480049,13.18019962,72.64720154,132.7588959,2.603100061,0.34633702
4919,21.61269951,29.00209999,78.36070252,138.2444,2.632400036,0.295734018
4919.5,26.06349945,37.60300064,83.39309692,155.6640015,2.610199928,0.290911019
4920,27.64480019,21.62220001,80.36179352,148.2843933,2.608400106,0.322778016
4920.5,33.74779892,16.80680084,75.74750519,130.0921021,2.674099922,0.379570007
4921,32.14699936,6.272500038,74.50700378,139.855896,2.513700008,0.282252014
4921.5,68.58889771,8.131799698,69.05110169,120.9271011,2.596100092,0.250340015
4922,68.68579865,6.986800194,66.91609955,113.0441971,2.594599962,0.311098993
4922.5,68.78269959,7.330699921,68.35910034,113.4805069,2.674200058,0.311949998
4923,72.02259827,10.04279995,67.18699646,106.6214981,2.664000034,0.339056999
4923.5,46.68569946,6.354899883,58.85929871,98.1384964,2.594300032,0.326577991
4924,7.646800041,12.39099979,62.61109924,93.62280273,2.619199991,0.132818997
4924.5,8.696499825,39.66360092,62.31439972,94.35639954,2.525099993,0.073534004
4925,6.520500183,9.702699661,58.67910004,95.23419952,2.529200077,0.092193
4925.5,9.859000206,17.7262001,67.42759705,104.2277985,2.456799984,0.069974996
4926,12.1644001,19.06089973,74.6822052,114.4250031,2.503200054,0.088596001
4926.5,10.88899994,9.117099762,66.50920105,106.6473923,2.416199923,0.122076996
4927,7.905799866,6.895400047,65.86650085,98.14630127,2.37590003,0.109064996
4927.5,124.835701,17.56360054,63.10370255,111.7369995,2.444099903,0.128900006
4928,163.5899963,23.26119995,64.39089966,111.8990021,2.835299969,0.448339015
4928.5,141.9259949,14.92399979,63.64209747,106.6772003,3.01699996,0.525974989
4929,150.4066925,5.245200157,60.76079941,105.6723023,3.05979991,0.508256972
4929.5,119.8815002,3.607899904,61.69319916,104.3873978,3.12590003,0.502505004
4930,105.6608963,10.5316,64.52400208,107.1889114,2.896300077,0.33474499
4930.5,79.57479858,24.86529923,66.67279816,111.8398895,2.750299931,0.23940599
4931,73.44719696,15.97249985,64.67259979,110.7516022,2.685800076,0.204155996
4931.5,76.91719818,20.80139923,66.75,112.7244034,2.6947999,0.202207997
4932,80.11720276,16.31710053,68.45870209,113.3666992,2.687700033,0.210112006
4932.5,80.33730316,15.24629974,67.40750122,113.4428024,2.688800097,0.220718995
4933,89.25229645,14.66399956,67.78240204,119.0550003,2.696500063,0.223696992
4933.5,95.38729858,14.58139992,72.85050201,126.7218018,2.692600012,0.270287991
4934,83.5562973,8.710100174,70.67870331,122.6434021,2.671200037,0.257952005
4934.5,95.34870148,10.34300041,70.68939972,120.9241028,2.686399937,0.242343009
4935,99.64119721,11.87189961,64.7303009,113.2619019,2.708300114,0.247914016
4935.5,117.2120972,13.02369976,67.20899963,114.6771011,2.724299908,0.226215005
4936,87.16750336,13.41539955,64.64559937,107.1781998,2.69020009,0.206993997
4936.5,79.26480103,17.38610077,62.54499817,104.6388016,2.669699907,0.142223999
4937,67.16470337,29.28639984,60.7098999,105.4285965,2.668600082,0.135098994
4937.5,110.5811997,39.58990097,71.50969696,120.4438019,2.662699938,0.163379997
4938,95.63430023,21.81710053,69.7492981,119.6064987,2.647399902,0.245130003
4938.5,62.20769882,16.95359993,62.35070038,103.8741989,2.65019989,0.171921
4939,70.24079895,25.22240067,62.46049881,103.7489014,2.67050004,0.157602996
4939.5,75.71360016,31.8845005,62.78969955,105.9943008,2.667999983,0.174342006
4940,102.879097,28.2989006,67.57499695,115.1289978,2.665699959,0.220431
4940.5,108.2848969,16.69960022,70.13629913,123.5164032,2.665699959,0.255162001
4941,116.0519028,12.58189964,76.48010254,137.1412048,2.645600081,0.323219001
4941.5,110.2882996,7.792600155,74.40110016,130.4385986,2.641799688,0.313206017
4942,92.83329773,7.236599922,69.49359894,118.3423996,2.656300068,0.274376005
4942.5,76.27089691,10.12549973,64.50060272,111.3891068,2.679199934,0.230287984
4943,70.66600037,15.65289974,64.42340088,113.533699,2.702899933,0.205748007
4943.5,97.41459656,24.82180023,70.60220337,124.9200058,2.692300081,0.276719004
4944,101.6606979,13.0461998,71.17990112,126.7145996,2.685199976,0.282496005
4944.5,81.32479858,13.38259983,67.5707016,120.0174027,2.675100088,0.268550009
4945,83.96649933,11.45790005,66.87740326,117.4123993,2.706399918,0.238286004
4945.5,82.22460175,18.0564003,69.05410004,120.6475983,2.694000006,0.245625004
4946,96.44450378,10.08520031,66.38990021,119.2008972,2.681600094,0.248943999
4946.5,103.2556992,18.13850021,69.32710266,123.8447037,2.710500002,0.254729986
4947,103.5651016,13.01369953,72.68779755,127.0285034,2.690299988,0.295091003
4947.5,87.9434967,8.186499596,65.59030151,119.1483002,2.695199966,0.273908019
4948,102.6631012,7.047599793,68.65859985,124.356308,2.727400065,0.275366992
4948.5,114.6634979,4.913499832,71.00669861,130.7276001,2.714299917,0.345055997
4949,114.2794037,8.189200401,72.37359619,132.5231934,2.690599918,0.377121002
4949.5,113.9643021,8.239999771,70.08209992,133.6036072,2.693200111,0.368801981
4950,129.7198029,10.36620045,77.24069977,145.3383026,2.715500116,0.376293004
4950.5,123.6535034,11.23709965,77.45179749,146.3724976,2.734699965,0.387629002
4951,108.895401,7.369100094,74.48371124,141.1051025,2.638900042,0.383956999
4951.5,103.2675018,8.692500114,76.33129883,142.7891998,2.70720005,0.36619702
4952,116.2501984,8.677499771,76.54519653,141.9519959,2.710999966,0.376814991
4952.5,108.7357025,8.011799812,73.11560059,134.9441986,2.643100023,0.359900028
4953,100.4993973,8.398099899,70.43699646,133.6358948,2.656599999,0.327005982
4953.5,110.331398,9.765999794,75.48079681,140.1580048,2.664200068,0.306849986
4954,106.0276032,12.78779984,75.6006012,140.7693939,2.71449995,0.32744202
4954.5,103.3544006,7.668700218,73.05750275,136.8079987,2.666500092,0.346729994
4955,101.4290009,7.665999889,75.39859009,140.2259979,2.649399996,0.34277302
4955.5,105.6945038,10.23989964,74.51699829,136.5980072,2.661299944,0.348247975
4956,91.8030014,7.684700012,72.71160126,135.0001068,2.642800093,0.326655984
4956.5,106.1976013,8.454999924,73.49729919,137.7947998,2.67140007,0.32247898
4957,114.8626022,9.056300163,75.61530304,140.1862946,2.670399904,0.35355702
4957.5,116.7008972,9.056799889,74.65329742,141.4868012,2.656599999,0.356663019
4958,112.8787994,8.291700363,75.24919891,147.628006,2.640700102,0.381108016
4958.5,122.9765015,9.047499657,76.86219788,149.7812958,2.639499903,0.406720996
4959,119.3510971,8.579299927,78.54499817,150.144104,2.700400114,0.397295982
4959.5,116.9462967,6.648600102,76.59860992,139.8307037,2.647599936,0.409664989
4960,98.35279846,7.82280016,70.5059967,126.8663025,2.724499941,0.380984008
4960.5,99.26779938,7.871099949,66.31069946,117.2244034,2.710199833,0.30845201
4961,78.98079681,11.17930031,63.97280121,116.7055969,2.712100029,0.253638983
4961.5,103.7984009,22.18689919,71.76629639,125.0170898,2.669899941,0.25017798
4962,85.86299896,14.10669994,63.67229843,113.8024979,2.610800028,0.291013002
4962.5,71.6595993,13.39019966,64.43890381,118.0074997,2.692399979,0.239596993
4963,102.972702,25.76779938,74.50050354,134.3921967,2.720499992,0.245627001
4963.5,98.03600311,11.77130032,70.07479858,126.2053986,2.643899918,0.332888991
4964,100.8843994,8.848899841,70.70249939,127.9680023,2.627099991,0.311186999
4964.5,119.2646027,12.63939953,74.97480011,138.8260956,2.646399975,0.316576004
4965,132.9833069,12.12829971,76.41459656,140.743103,2.648699999,0.382060021
4965.5,114.1232987,7.987299919,71.68689728,135.0818024,2.605700016,0.394656986
4966,132.3253021,7.672699928,76.66609192,142.4454041,2.666399956,0.375420004
4966.5,140.2097015,11.13869953,78.42979431,147.3901978,2.665999889,0.386442006
4967,126.0442963,9.596199989,72.68180084,128.4855957,2.609299898,0.427033991
4967.5,99.05789948,9.436200142,63.52059937,110.3388977,2.655200005,0.411722988
4968,91.03170013,14.41320038,62.6086998,104.2710037,2.756500006,0.266952992
4968.5,75.89679718,30.36400032,62.72040176,106.1492996,2.697400093,0.180021986
4969,74.65670013,25.5529995,64.63999939,111.9720001,2.687000036,0.161271989
4969.5,86.30329895,20.61499977,64.87220001,115.4962006,2.655499935,0.198936999
4970,114.3887024,28.21509934,72.58339691,124.6395035,2.671799898,0.212147012
4970.5,87.40480042,14.00010014,69.36930084,120.1557007,2.626499891,0.278831005
4971,82.38950348,15.50059986,64.01509857,113.6342011,2.665600061,0.232367992
4971.5,97.59989929,16.01239967,70.32959747,120.6018982,2.660000086,0.214561001
4972,82.89820099,17.96269989,64.61699677,111.7552033,2.650300026,0.237808004
4972.5,79.40879822,13.87660027,64.30220032,111.0279007,2.631400108,0.191881001
4973,89.14379883,29.34729958,66.20480347,111.9710007,2.699599981,0.186692998
4973.5,85.70939636,17.82239914,64.90129852,112.0457001,2.648400068,0.208162993
4974,89.0535965,19.93230057,66.47480011,112.0466003,2.663899899,0.201884002
4974.5,81.48200226,17.20120049,64.77980042,111.2578964,2.648799896,0.201473013
4975,74.33699799,19.04439926,62.84230042,105.2306976,2.687900066,0.187073991
4975.5,77.92630005,21.17399979,64.64009857,110.8450012,2.637399912,0.171481997
4976,73.90609741,32.7358017,62.51520157,105.4628983,2.707499981,0.185865
4976.5,69.88600159,17.01980019,63.11429977,105.0196075,2.663000107,0.165475994
4977,80.33670044,24.52709961,64.7009964,111.9541016,2.642299891,0.161706016
4977.5,74.06259918,25.81679916,64.21859741,107.0173035,2.676199913,0.188355014
4978,75.13549805,19.71710014,62.4496994,107.2208023,2.654500008,0.186061993
4978.5,87.97080231,21.29210091,66.85140228,112.4414978,2.692800045,0.167566001
4979,85.11199951,15.96710014,64.56069946,111.2918015,2.648900032,0.201727003
4979.5,79.68180084,15.76000023,64.50260162,111.0714035,2.663800001,0.188040003
4980,94.81600189,16.99379921,66.61389923,115.2794037,2.682199955,0.186673999
4980.5,90.28630066,19.71980095,67.14859772,114.441597,2.674799919,0.201873004
4981,83.69609833,19.86289978,65.72660065,112.7335968,2.655400038,0.208167002
4981.5,65.39170075,18.96269989,63.2655983,106.6325989,2.644000053,0.194528014
4982,63.19300079,20.68700028,59.49010086,104.1187973,2.646199942,0.146652997
4982.5,72.42150116,37.7256012,61.09999847,103.9904022,2.697499991,0.128100991
4983,90.16079712,35.07849884,66.47399902,112.0198975,2.677299976,0.142694995
4983.5,84.1332016,29.79820061,65.14209747,111.8844986,2.66230011,0.200860009
4984,97.51599884,15.44340038,65.91410065,114.7650986,2.64470005,0.202966005
4984.5,114.0912018,25.78000069,72.94989777,126.2916031,2.664999962,0.244034007
4985,100.3878021,13.46280003,70.64959717,121.2947006,2.626300097,0.273166001
4985.5,83.91539764,9.375800133,64.80909729,111.8134995,2.653600216,0.261752993
4986,77.33950043,13.09879971,64.41770172,106.3955002,2.667900085,0.187049002
4986.5,67.75920105,20.7493,61.48910141,104.8526001,2.658200026,0.165914998
4987,79.65399933,24.39139938,65.4163971,111.3852005,2.686199904,0.160361007
4987.5,93.52770233,29.83679962,67.46880341,115.0054016,2.676800013,0.174071997
4988,91.77639771,15.23460007,68.76200104,120.3417969,2.654599905,0.225349009
4988.5,99.44210053,14.77859974,68.92590332,117.3576965,2.66869998,0.25445199
4989,89.16269684,13.81200028,67.88529968,114.4697037,2.670099735,0.237998009
4989.5,81.24279785,14.23169994,65.85500336,112.2256012,2.659399986,0.22449699
4990,98.75499725,17.03949928,68.54319763,114.4553986,2.663500071,0.200910002
4990.5,89.57050324,16.8132,66.36019898,110.6661987,2.633599997,0.222544
4991,72.25700378,18.76810074,61.50899887,104.2342911,2.649600029,0.196280003
4991.5,82.23079681,20.29269981,64.52359772,105.7526016,2.671499968,0.171404004
4992,69.49469757,29.89170075,62.36000061,104.8018036,2.634999991,0.167931005
4992.5,59.91019821,24.56019974,61.40439987,103.7706986,2.657200098,0.152541995
4993,68.74720001,31.64299965,63.29790115,104.235199,2.682399988,0.140821993
4993.5,60.79079819,30.44400024,60.02980042,103.7334061,2.684000015,0.155613005
4994,59.88380051,25.63839912,61.10900116,103.5227966,2.653899908,0.133452997
4994.5,59.56010056,40.97570038,60.39020157,104.173996,2.674000025,0.135142997
4995,71.23870087,42.21640015,64.29199982,104.9488983,2.692899942,0.131773993
4995.5,64.39810181,24.70199966,62.64220047,104.9262009,2.656100035,0.157705009
4996,69.2614975,28.40970039,63.23829651,105.236702,2.682899952,0.147884995
4996.5,68.9611969,23.81909943,64.29660034,105.9788971,2.666599989,0.159980997
4997,65.41230011,24.40570068,61.79520035,104.0426025,2.693900108,0.159115002
4997.5,76.13780212,19.13999939,64.50050354,105.4744034,2.664800167,0.163230985
4998,65.71559906,30.31940079,62.44979858,105.9906921,2.645499945,0.154108003
4998.5,72.88339996,20.36969948,64.73410034,109.335701,2.663000107,0.166559994
4999,59.23120117,20.19190025,62.3105011,106.3547974,2.681299686,0.172203004
4999.5,70.85410309,18.5685997,64.33640289,111.8093033,2.679399967,0.159043998
5000,72.14810181,22.21940041,64.67790222,112.062706,2.681699991,0.165074006
5000.5,80.87689972,20.80890083,65.96990204,114.6826019,2.688899994,0.177280009
5001,85.02899933,20.77470017,66.66439819,113.1541977,2.684499979,0.180767
5001.5,67.6957016,14.07279968,62.4897995,107.0716019,2.669699907,0.216959
5002,84.56089783,20.18350029,65.57060242,112.1986008,2.684499979,0.176683992
5002.5,77.15270233,26.76989937,65.21289825,113.1890106,2.676500082,0.173456997
5003,78.6548996,16.65080071,66.31189728,113.6794968,2.67689991,0.197085992
5003.5,74.05789948,18.83609963,64.14330292,113.7797012,2.673700094,0.199918002
5004,80.16130066,16.31649971,66.40039825,114.5369034,2.693000078,0.202094987
5004.5,83.93720245,14.3053999,66.48600006,114.0046005,2.674999952,0.214719996
5005,79.48370361,15.5394001,64.91919708,112.1558991,2.678800106,0.211909011
5005.5,76.58180237,16.69930077,64.57910156,112.8373032,2.660300016,0.196823001
5006,91.03130341,16.52269936,66.51830292,112.1645966,2.690099955,0.200659007
5006.5,69.39550018,14.30000019,61.44850159,107.277298,2.661999941,0.198197991
5007,72.00180054,18.83040047,62.95769882,105.407402,2.741699934,0.167378008
5007.5,73.07740021,19.53179932,62.91239929,104.3034973,2.700900078,0.160219997
5008,74.60890198,21.70019913,62.60400009,106.6940994,2.668600082,0.156804994
5008.5,78.99649811,20.22610092,61.32780075,112.8097992,2.680099964,0.161587998
5009,86.91819763,19.4708004,68.33200073,119.7500992,2.689899921,0.176699013
5009.5,90.46029663,16.12680054,68.6210022,127.6509018,2.727300167,0.252285987
5010,87.1155014,14.03999996,67.31240082,124.1584015,2.677200079,0.269950986
5010.5,86.81790161,13.34990025,68.33100128,127.1925964,2.699899912,0.257470012
5011,97.82119751,12.32069969,70.62180328,130.9279938,2.705800057,0.264552981
5011.5,97.25669861,10.23659992,70.35399628,127.2409973,2.652899981,0.291842997
5012,88.89019775,9.793199539,68.99490356,125.4960022,2.664400101,0.275646001
5012.5,101.1476975,9.563500404,70.5388031,124.6593094,2.694900036,0.266391993
5013,91.60030365,9.418800354,67.14759827,120.6533966,2.668100119,0.26521799
5013.5,83.35579681,11.58880043,66.45899963,120.0755005,2.679100037,0.242483005
5014,92.10150147,15.56739998,68.59899902,123.1789017,2.71510005,0.226989001
5014.5,86.77059937,11.10509968,68.1934967,120.713501,2.697299957,0.250254005
5015,78.43920136,9.869999886,64.43959808,113.6131897,2.72480011,0.222826004
5015.5,83.56030273,18.79000092,64.56510162,113.4641037,2.706399918,0.206399992
5016,97.38809967,19.29059982,68.4865036,119.6716003,2.668600082,0.211275995
5016.5,98.92810059,15.3803997,68.35040283,119.9470902,2.64289999,0.237617001
5017,78.85759735,14.5571003,64.96150208,115.0568008,2.661299944,0.234023005
5017.5,85.21759796,16.40699959,68.09120178,119.2928009,2.707099915,0.22740601
5018,83.02120209,17.44420052,64.47940064,112.986702,2.678299904,0.243525013
5018.5,74.3710022,17.64170075,64.33660126,111.8971024,2.710999966,0.198697001
5019,79.07489777,20.62150002,64.46929932,112.401001,2.69720006,0.195680007
5019.5,78.45700073,15.87650013,65.63240051,113.9156036,2.723500013,0.208846003
5020,79.30069733,16.19569969,63.41080093,113.8853989,2.727799892,0.220358014
5020.5,83.8302002,16.48489952,65.24819946,112.0371018,2.788100004,0.209174007
5021,74.9509964,15.18470001,64.37789917,106.0242004,2.711400032,0.187651992
5021.5,70.12169647,18.19210053,62.44950104,104.9757004,2.656500101,0.170011997
5022,69.36129761,24.7765007,62.49079895,104.4218979,2.655600071,0.161908001
5022.5,64.62449646,28.72660065,61.24229813,102.6645966,2.683000088,0.155164003
5023,68.67810059,29.37999916,62.2770958,103.8097,2.673599958,0.148193002
5023.5,80.9980011,28.69179916,64.41139984,106.6642914,2.649300098,0.169815004
5024,84.98049927,23.73069954,64.4763031,111.3878937,2.659699917,0.195020005
5024.5,85.69200134,21.38960075,66.85479736,112.7209015,2.715600014,0.199738011
5025,71.25650024,17.26110077,63.14759827,107.1176987,2.65809989,0.199002996
5025.5,78.76210022,20.33939934,64.49569702,105.3979034,2.745699883,0.192047998
5026,77.79000092,20.75090027,62.40399933,103.8627014,2.723799944,0.172169
5026.5,70.24530029,24.33349991,62.77819824,101.7302017,2.72939992,0.158207998
5027,69.90139771,16.56850052,60.63780212,98.94270325,2.658799887,0.134799004
5027.5,73.9292984,25.99720001,60.80989838,99.48899078,2.674799919,0.136876002
5028,69.96140289,19.01479912,61.4408989,98.48750305,2.63409996,0.124125004
5028.5,74.9496994,21.97500038,61.59289932,101.1276016,2.680099964,0.128986999
5029,71.75279999,20.44490051,60.08050156,97.73619843,2.676500082,0.113507994
5029.5,61.24539948,26.81879997,60.34360504,98.728302,2.694900036,0.113623999
5030,62.18709946,23.6147995,60.5144043,96.71309662,2.719899893,0.106969997
5030.5,58.6495018,29.45299912,62.28279877,97.915802,2.697499991,0.094434999
5031,58.91460037,26.97249985,63.52199936,101.6969986,2.655600071,0.104612999
5031.5,65.37889862,27.0666008,62.80099487,99.17199707,2.653399944,0.109455995
5032,60.46910095,25.05069923,59.34669876,88.72280121,2.640100002,0.104401
5032.5,56.28210068,26.83119965,60.49359894,86.62670136,2.61439991,0.097732
5033,53.00370026,30.21139908,62.33900452,104.8411026,2.3822999,0.085341997
5033.5,79.0428009,44.42350006,63.43690491,109.5850983,2.253400087,0.082231998
5034,96.83119965,23.64069939,63.13970184,110.5565033,2.683000088,0.113165997
5034.5,92.29109955,19.46800041,63.18529892,102.5245972,2.701699972,0.145153001
5035,88.81790161,20.17970085,63.15060043,103.0848007,2.698199987,0.142408997
5035.5,94.83570099,21.52339935,60.94169617,104.1769943,2.69659996,0.143928006
5036,97.63009644,27.65679932,63.30630112,104.7987976,2.716599941,0.14887999
5036.5,121.5202026,21.54470062,64.42520142,106.2230911,2.772200108,0.206201002
5037,102.521698,20.29800034,62.29299927,105.1676025,2.806299686,0.259360999
5037.5,105.9848023,34.3302002,60.6629982,104.2157974,2.885799885,0.292028993
5038,87.27249908,71.20649719,62.29119873,102.9982987,2.964400053,0.303911984
5038.5,62.03079987,118.3322983,64.40979767,91.52619934,2.833300114,0.251879007
5039,48.69869995,52.271801,64.49299622,75.97029877,2.699399948,0.184032992
5039.5,38.53509903,33.15269852,66.39689636,97.44719696,2.454099894,0.156493992
5040,50.26269913,28.35059929,64.87200165,106.7807922,2.39199996,0.102730997
5040.5,86.8635025,23.65390015,65.10939789,104.0596008,2.506400108,0.113878004
5041,73.02519989,22.50139999,68.39209747,122.0023041,2.447700024,0.137297005
5041.5,59.47800064,24.86070061,68.50160217,112.0120087,2.639199972,0.130539998
5042,71.83070374,21.77050018,66.53289795,104.1065979,2.581899881,0.146530002
5042.5,74.57409668,26.17180061,62.60440064,94.26339722,2.647399902,0.184707999
5043,57.74679947,30.06959915,64.73509979,97.38210297,2.511100054,0.189089999
5043.5,51.76240158,28.46649933,65.48300171,99.39880371,2.572700024,0.146061003
5044,44.62549973,28.09079933,68.24839783,98.57830811,2.547800064,0.122672997
5044.5,50.0367012,28.37619972,65.42179871,99.22489929,2.564100027,0.115867004
5045,50.84109879,25.17110062,61.64400101,96.14199829,2.504800081,0.109925002
5045.5,51.3321991,32.6181984,63.52069855,97.6230011,2.562599897,0.089462005
5046,48.50460053,47.12390137,66.70079804,98.16149902,2.612799883,0.076388001
5046.5,53.46569824,35.05550003,61.24619675,98.30660248,2.495399952,0.078594998
5047,66.73609924,22.63680077,65.33110046,98.07810211,2.629400015,0.092683002
5047.5,51.76440048,21.41880035,67.24890137,99.09880066,2.555799961,0.084578998
5048,57.23720169,20.67849922,66.2315979,98.83390045,2.536499977,0.083794005
5048.5,53.27590179,18.76000023,66.5861969,101.5455017,2.60800004,0.084361002
5049,51.58449936,21.03829956,59.20700073,95.66119385,2.58220005,0.096899994
5049.5,65.10700226,40.69720078,64.32250214,96.35559845,2.570300102,0.081119001
5050,45.00289917,24.76659966,67.13349915,97.19819641,2.581500053,0.072167002
5050.5,44.56520081,32.98889923,58.45270157,92.0530014,2.5006001,0.084938005
5051,52.16279984,60.06409836,59.50870132,93.48760223,2.569999933,0.091674
5051.5,62.35210037,36.65549851,59.32509995,92.07840729,2.529700041,0.064320996
5052,50.86700058,44.53120041,62.4367981,91.45259857,2.539299965,0.071203001
5052.5,46.78820038,68.59269714,60.47800064,93.67019653,2.419699907,0.070345998
5053,64.45220184,41.09960175,63.72129822,95.71190643,2.595099926,0.075404003
5053.5,51.10070038,36.64979935,62.69979858,95.98409271,2.455300093,0.106187001
5054,67.66739655,35.22359848,62.38460159,96.87559509,2.59890008,0.083535999
5054.5,43.10620117,19.6480999,65.5632019,94.49919891,2.5151999,0.08484
5055,37.72180176,26.92020035,53.14490128,90.0309906,2.554199934,0.082257003
5055.5,64.92269898,42.10599899,65.11759949,95.10140228,2.296499968,0.060654998
5056,53.19350052,23.14299965,66.92890167,96.89070892,2.233799934,0.075358003
5056.5,44.61880112,19.3491993,66.4496994,98.00460053,2.456799984,0.120481998
5057,52.04259872,19.75230026,64.39769745,97.18891144,2.481800079,0.119622
5057.5,70.73190308,25.71319962,65.08879852,98.00360107,2.478699923,0.103725001
5058,53.04470062,18.79570007,66.73059845,98.42150116,2.560899973,0.104648002
5058.5,50.27299881,19.53129959,68.83380127,101.3227997,2.555799961,0.091729
5059,63.30830002,21.27050018,62.33369827,97.19470215,2.496999979,0.105221003
5059.5,50.67089844,19.46759987,67.59619904,103.8174973,2.576299906,0.083311006
5060,52.42979813,18.81259918,64.63289642,98.86720276,2.621099949,0.080059007
5060.5,47.86230087,18.63059998,59.32600021,95.90110016,2.639199972,0.069872998
5061,55.645401,45.00719833,65.35569763,104.0285034,2.611900091,0.059499003
5061.5,54.10169983,15.98180008,68.47090149,103.7699966,2.543600082,0.067497999
5062,71.63510132,16.26239967,63.40190506,102.1579895,2.600199938,0.085600995
5062.5,73.25029755,15.39900017,65.19080353,103.1854019,2.640000105,0.104321003
5063,86.02410126,17.60810089,66.5196991,98.49340057,2.498500109,0.098461002
5063.5,92.69280243,20.37730026,60.50870132,96.30139923,2.508100033,0.092100002
5064,63.23559952,17.13529968,62.32239914,96.67060089,2.708600044,0.102288999
5064.5,77.90350342,17.97879982,62.70029831,96.99079895,2.665199995,0.085914001
5065,67.97640228,18.14900017,64.80290222,96.54709625,2.616600037,0.090845004
5065.5,81.04340363,21.41769981,63.19100189,96.16101074,2.592299938,0.069857001
5066,98.58529663,20.12649918,59.49860001,96.64610291,2.716500044,0.091078997
5066.5,64.917099,21.53170013,61.11009598,96.95320129,2.69630003,0.088146001
5067,55.55789948,22.06469917,63.77339935,97.66249847,2.645200014,0.082365997
5067.5,83.34539795,20.46929932,66.63749695,97.39700317,2.413800001,0.102378994
5068,73.94709778,27.37579918,64.4736023,98.17089844,2.482000113,0.100382
5068.5,60.82649994,17.56360054,64.51560211,98.20980072,2.605799913,0.114962995
5069,56.63790131,23.51259995,66.39099884,98.71080017,2.526000023,0.080948003
5069.5,76.01329804,20.02099991,65.01540375,101.8093033,2.53489995,0.069775
5070,70.83519745,22.23760033,60.29249954,95.64769745,2.587899923,0.078584999
5070.5,65.29360199,23.26079941,60.4632988,93.15239716,2.565900087,0.074306004
5071,82.75240326,35.14599991,63.59149933,94.32510376,2.466500044,0.077459998
5071.5,68.34960175,28.80879974,63.81499481,95.81610107,2.539400101,0.081290998
5072,85.47319794,27.36219978,58.7181015,96.61029816,2.591599941,0.086603001
5072.5,75.4394989,26.56340027,62.55080032,97.31690216,2.52670002,0.063478001
5073,84.02249908,26.59059906,62.48929977,97.56759644,2.643199921,0.068997003
5073.5,66.07649994,25.43289948,60.19629669,96.63490295,2.613600016,0.066652
5074,81.81009674,25.86860085,60.45299912,96.89490509,2.539599896,0.065384999
5074.5,80.26809692,24.34289932,60.45849991,96.95760346,2.658899784,0.078467004
5075,69.50309753,22.43129921,60.44210053,97.4673996,2.649800062,0.071080998
5075.5,79.51319885,20.53440094,60.35050201,96.79660034,2.647500038,0.069606997
5076,73.7181015,42.04600143,61.62680054,100.5654984,2.683599949,0.064108998
5076.5,71.90039825,18.19479942,63.29479981,102.9673004,2.665299892,0.068308003
5077,68.99349976,17.77459908,64.52929688,102.6248016,2.584500074,0.073605001
5077.5,73.92279816,18.27009964,64.46070099,102.5085983,2.592200041,0.083159998
5078,85.77210236,19.64080048,63.50640106,103.0963974,2.609299898,0.071705997
5078.5,87.72450256,17.67910004,62.46699905,102.302002,2.640899897,0.073546
5079,70.99459839,21.94249916,60.79029846,101.844902,2.65019989,0.083745003
5079.5,67.79540253,25.6746006,61.30239868,98.88639832,2.704999924,0.106183998
5080,69.52880096,23.59930039,61.14449692,101.1634979,2.651200056,0.093709
5080.5,79.47740173,30.1704998,59.08010101,90.62248993,2.703799963,0.082833007
5081,76.33280182,21.56240082,62.4557991,107.069603,2.60529995,0.076311998
5081.5,53.7417984,28.8715992,60.80630112,103.6591034,2.708100081,0.114948995
5082,47.02199936,53.41439819,56.1231041,94.42330933,2.803999901,0.109225996
5082.5,50.8506012,50.47050095,59.09000015,79.05039978,2.66689992,0.080269001
5083,69.22109985,24.77479935,63.46210098,98.23989868,2.536000013,0.088528998
5083.5,79.17919922,24.18230057,64.32089996,106.4167023,2.578900099,0.081187002
5084,50.43130112,22.08349991,60.75309753,95.13059998,2.700400114,0.077812001
5084.5,64.77269745,25.55340004,66.26439667,114.5711975,2.585099936,0.083100997
5085,48.52709961,21.39719963,63.25289917,97.64910126,2.637000084,0.089543998
5085.5,54.99980164,17.69389916,66.645401,105.3380966,2.513400078,0.097749993
5086,51.91059876,16.60829926,65.06569672,104.1343994,2.580800057,0.091311999
5086.5,63.24660111,16.66640091,64.50610352,98.873703,2.60439992,0.089926995
5087,124.710701,17.02569962,64.38300324,103.834198,2.619600058,0.115370996
5087.5,84.99199677,18.07320023,58.98609924,103.9049988,2.548700094,0.128283009
5088,53.89860153,10.98279953,67.70490265,106.3208008,2.451100111,0.150296003
5088.5,87.21089935,36.31959915,69.85119629,102.0372925,2.550100088,0.089209996
5089,47.81150055,19.6086998,65.44860077,103.9700089,2.472899914,0.097936004
5089.5,72.69080353,19.56410027,56.77750015,97.39710999,2.616100073,0.082208008
5090,48.24349976,25.16480064,68.90270233,101.5326004,2.682600021,0.084806994
5090.5,53.27460098,21.20159912,70.709198,105.0605011,2.5,0.113298997
5091,47.1230011,18.88360024,68.55419922,104.8858032,2.472800016,0.120621994
5091.5,45.43640137,28.73419952,65.3809967,100.9498978,2.479599953,0.100869998
5092,83.44339752,39.98820114,67.03990173,98.82030487,2.490999937,0.103529997
5092.5,76.20760346,30.95499992,64.53829956,103.8794022,2.467700005,0.113603003
5093,42.50030136,16.02330017,62.37860107,99.07919312,2.590600014,0.092432
5093.5,39.7743988,72.43119812,60.59960175,103.6612015,2.472300053,0.059980001
5094,60.84939957,54.21699905,60.96699905,102.1596985,2.628099918,0.077785999
5094.5,62.33110046,21.83379936,62.43399811,101.7611008,2.630399942,0.109979004
5095,63.59749985,20.54220009,61.32640076,99.1576004,1.922799945,0.085298993
5095.5,112.171402,16.09740067,66.74340057,103.8471985,2.297399998,0.109935999
5096,102.2130966,9.692399979,73.63929749,114.3058014,2.466599941,0.123231001
5096.5,91.54270172,8.023900032,66.4315033,118.5863037,2.571399927,0.151158005
5097,89.49500275,6.846899986,61.18399811,112.2830963,2.237699986,0.137197003
5097.5,72.8769989,6.995900154,66.53450012,112.8995972,2.333899975,0.143866003
5098,43.55989838,13.64729977,61.24069977,103.8932037,2.282099962,0.123317003
5098.5,100.2293015,21.52659988,74.89950562,105.2445984,2.423199892,0.074761003
5099,137.6683044,16.83119965,77.24920654,129.561203,2.256700039,0.110249005
5099.5,88.22149658,7.590000153,76.31580353,129.2041931,2.328500032,0.19705601
5100,42.98450089,7.873400211,58.80039978,103.6516037,2.634299994,0.217059001
5100.5,38.05989838,73.13950348,51.54779816,93.80699158,2.839400053,0.071598999
5101,49.23989868,140.8502045,54.33509827,97.50870514,2.726399899,0.048767999
5101.5,123.5951996,30.80680084,67.69120026,112.7785034,2.706500053,0.095394
5102,72.55090332,7.23390007,65.08660126,114.7219925,2.634799957,0.212385997
5102.5,56.78850174,19.92239952,56.97819901,101.7032013,2.687799931,0.184426993
5103,52.3207016,25.04910088,58.6108017,96.04870606,2.784399986,0.111015998
5103.5,58.88359833,26.56119919,56.6590004,98.69290161,2.532799959,0.110477999
5104,69.11940002,15.61419964,61.63589859,109.5370026,2.284399986,0.085566998
5104.5,116.7506027,23.89909935,77.70120239,123.4180985,2.240400076,0.085406996
5105,117.8419037,8.435700417,74.71140289,137.7702026,2.395499945,0.226399005
5105.5,114.4213028,6.605500221,74.47720337,140.2787018,2.656100035,0.253581017
5106,118.8971024,6.671800137,75.67720032,145.5005035,2.663500071,0.261439979
5106.5,127.6785965,6.744699955,78.90270233,153.632782,2.656800032,0.266263008
5107,115.1949997,5.741499901,81.25019836,149.1920013,2.629699945,0.275601983
5107.5,66.64610291,8.247900009,62.74499893,111.9008026,2.644299984,0.19363001
5108,82.65129852,24.86199951,62.59159851,109.5494995,2.605400085,0.130209997
5108.5,90.88960266,16.1746006,63.34059525,102.285202,2.847700119,0.146249995
5109,102.9187012,12.9350996,68.24340057,123.4171982,2.808500052,0.152527005
5109.5,84.32389832,11.37419987,66.93540192,119.6547012,2.64380002,0.162856996
5110,79.31140137,14.62440014,64.38970184,103.9515991,2.404999971,0.139355004
5110.5,61.85350037,10.0486002,61.00920105,112.0028915,2.581899881,0.117216997
5111,112.6921997,16.55559921,71.47450256,138.5139008,2.39289999,0.118890002
5111.5,116.0249023,9.070500374,72.43389893,137.9411011,2.630000114,0.205366999
5112,118.9460983,8.315199852,72.31980133,134.5944061,2.653000116,0.225417003
5112.5,109.4232025,7.111700058,70.78869629,130.305603,2.689399958,0.261516005
5113,111.3261032,7.586200237,66.58580017,125.723999,2.632400036,0.237883002
5113.5,97.13050079,8.898099899,75.85679627,115.2723999,2.624000073,0.200825989
5114,64.67759705,8.826800346,99.99410248,137.4992981,1.69599998,0.219801009
5114.5,95.65540314,27.32279968,75.30410004,131.6851959,2.153600216,0.219881997
5115,111.8013001,9.903300285,72.96060181,139.2247009,2.644999981,0.276731998
5115.5,94.03800201,8.954099655,64.32820129,121.4868012,2.702399969,0.252938986
5116,65.08480072,13.5376997,62.4762001,104.4344025,2.443700314,0.178684995
5116.5,68.14099884,28.73830032,64.85919952,104.0358963,2.360599995,0.128382996
5117,49.18569946,20.77630043,65.4437027,115.1650009,2.449599981,0.114640996
5117.5,84.43869782,18.88220024,71.34750366,119.1450043,2.254400015,0.253022999
5118,52.05450058,13.09179974,51.39679718,97.58550263,2.719500065,0.187700003
5118.5,42.93370056,35.59140015,65.06939697,97.30339813,2.4296,0.073311999
5119,60.85290146,34.84740067,60.67440033,102.4417038,2.430900097,0.097749993
5119.5,88.81020355,15.15450001,66.2881012,119.9888992,2.601700068,0.137557998
5120,98.80110169,12.18299961,71.12409973,137.6197052,2.602400065,0.225599989
5120.5,89.49189758,8.142700195,67.87069702,122.4786987,2.737799883,0.32356602
5121,103.2185974,10.71959972,69.52210236,132.5007019,2.571399927,0.224993989
5121.5,97.65940094,7.445400238,68.98090363,130.9109039,2.720700026,0.241247997
5122,105.8747025,9.300999641,73.18959808,139.9501953,2.679100037,0.221627012
5122.5,110.2105026,6.796999931,72.72840118,138.1455994,2.702899933,0.331091017
5123,104.1894989,8.220000267,70.37660217,133.024704,2.662100077,0.248013005
5123.5,115.1743012,7.565100193,71.62059784,136.9651032,2.701299906,0.240319997
5124,145.2205048,6.602900028,73.22550201,141.9727936,2.701200008,0.285656005
5124.5,78.38960266,5.399600029,72.76069641,114.4459992,2.654500008,0.237598985
5125,63.66859818,23.375,59.59479904,111.9563904,2.463500023,0.107377008
5125.5,81.67169952,42.45840073,63.47240067,105.0245972,2.321700096,0.073972002
5126,111.2874985,28.79380035,64.68520355,124.9884033,2.512300015,0.104109004
5126.5,106.8121033,16.06450081,62.55770111,97.78900147,2.660000086,0.162565008
5127,78.45300293,14.01329994,70.85729981,129.292099,2.588399887,0.182385996
5127.5,115.0122986,27.16279984,66.63809967,124.3685989,2.660300016,0.158737004
5128,127.4335022,6.522299767,74.22899628,142.165802,2.649199963,0.228757992
5128.5,122.9169006,6.220600128,74.80999756,141.240799,2.734100103,0.268458992
5129,120.0587006,6.786200047,74.4477005,139.7848053,2.696000099,0.273674995
5129.5,111.259903,7.099599838,70.98989868,132.241394,2.664400101,0.234638989
5130,113.297699,8.67539978,69.08110046,127.6259003,2.66779995,0.234850004
5130.5,98.5326004,9.253000259,67.05919647,123.1878967,2.669699907,0.20247601
5131,115.4488983,11.87300015,68.375,121.6353989,2.665800095,0.184664995
5131.5,98.20410156,9.374600411,66.03780365,119.8918991,2.619299889,0.181938991
5132,118.086998,17.95540047,70.82969666,128.2442932,2.650700092,0.181520999
5132.5,116.2617035,7.980500221,67.39209747,123.3070984,2.710199833,0.238281995
5133,116.2642975,11.06779957,69.31549835,128.8027954,2.665600061,0.192565009
5133.5,121.3767014,8.236100197,71.53790283,134.0401001,2.66260004,0.243117005
5134,113.8899002,6.407000065,75.30690765,143.0494995,2.629199982,0.26482299
5134.5,122.4208984,6.271500111,74.26270294,141.2570038,2.714600086,0.291902989
5135,119.0173035,6.458499908,74.75531006,140.3108978,2.654799938,0.249698013
5135.5,123.1776962,6.897399902,74.80139923,142.533905,2.694200039,0.301586002
5136,109.1249008,7.19080019,73.4937973,132.2586975,2.659499884,0.274590999
5136.5,105.8889999,9.568799973,69.11489868,123.5325012,2.678299904,0.208248004
5137,118.0976028,11.16489983,66.49720001,120.2579956,2.681400061,0.192276001
5137.5,121.4516983,9.726599693,68.74150085,123.1801987,2.722500086,0.229745001
5138,99.09169769,12.96630001,65.10820007,105.235199,2.468699932,0.164022997
5138.5,126.9568024,11.05220032,70.47650147,147.5005951,2.675100088,0.163253009
5139,120.8041,10.33619976,70.47109985,117.3949966,2.638700008,0.264748991
5139.5,120.7136993,7.53249979,74.56479645,149.5554962,2.71510005,0.269080013
5140,125.4019013,9.410200119,72.33209992,136.9134979,2.706500053,0.282981992
5140.5,110.8076019,7.800300121,71.582901,133.7906036,2.666599989,0.29085198
5141,104.0642014,12.13630009,68.29530335,125.0529022,2.76060009,0.232413992
5141.5,132.3977051,7.612400055,71.52179718,134.4916992,2.701699972,0.244778007
5142,121.6871033,7.39440012,72.61419678,141.6553955,2.669800043,0.259146005
5142.5,123.1790009,5.988399983,75.15509796,146.8887024,2.678600073,0.310624987
5143,129.9992065,6.076000214,75.44110107,147.8482971,2.729599953,0.291839987
5143.5,128.9508057,6.171000004,76.70249939,151.16922,2.729199886,0.305961013
5144,150.2875061,5.849400044,77.12830353,150.7131043,2.700900078,0.340755999
5144.5,147.403595,6.177800179,76.76000214,147.8466034,2.683599949,0.336589992
5145,129.4609985,5.741899967,76.45309448,142.5823059,2.662899971,0.28628701
5145.5,123.8823013,8.052900314,72.86309815,132.3186951,2.746900082,0.250874996
5146,115.9309998,9.843899727,71.16970062,123.22509,2.646899939,0.235524997
5146.5,114.1162033,12.27439976,67.31230164,115.1765976,2.646899939,0.154473007
5147,111.9207993,19.21220017,61.97159958,105.3759995,2.656300068,0.138305992
5147.5,113.1635971,19.95240021,62.39530182,104.0001984,2.651000023,0.122523002
5148,108.927803,19.09129906,64.52680206,107.3350983,2.645699978,0.179024994
5148.5,86.18569946,34.17229843,60.45389938,94.24849701,2.649499893,0.118965
5149,99.14689636,25.15130043,58.76470184,84.17420197,2.617399931,0.139844999
5149.5,104.9462967,20.4817009,67.61689758,132.3408051,2.708100081,0.168789998
5150,133.0140076,17.82729912,64.5019989,118.9318008,2.680700064,0.204622999
5150.5,126.6356964,10.74069977,70.4693985,125.8576965,2.758399963,0.212747008
5151,131.0005035,11.40869999,69.42449951,122.7674027,2.687099934,0.198425993
5151.5,101.7558975,16.57080078,62.87670136,111.2706986,2.666300058,0.135987997
5152,125.2974014,12.0241003,66.76260376,119.8601914,2.711299896,0.207532004
5152.5,139.7398987,7.748400211,73.16860199,134.3105927,2.632400036,0.278299004
5153,144.262207,6.012800217,78.26210022,145.5955963,2.697799921,0.285364002
5153.5,138.2194977,6.734300137,75.29470062,137.929596,2.678999901,0.294674009
5154,142.378006,7.16260004,74.27480316,137.5570984,2.701499939,0.26719901
5154.5,136.0733032,6.693500042,74.53240204,141.4266052,2.660900116,0.269381017
5155,138.8992004,5.815299988,76.46579742,147.7581024,2.69659996,0.288327992
5155.5,143.5187988,4.786499977,80.61180115,157.5827179,2.652299881,0.320600003
5156,147.7924042,4.492099762,82.49030304,160.3018036,2.701200008,0.303743005
5156.5,141.7371063,6.138100147,77.82279968,148.8130951,2.601000071,0.276623011
5157,116.7584,8.717900276,74.73329926,140.895401,2.680999994,0.245177999
5157.5,120.3650971,7.209199905,77.80699921,149.6649933,2.600300074,0.254471004
5158,115.8025971,7.536200047,76.25569153,140.2899017,2.595999956,0.265673012
5158.5,119.8210983,8.548299789,72.54370117,130.3217011,2.598700047,0.265904009
5159,76.99060059,23.40920067,59.23590088,114.4672012,3.157099962,0.242219016
5159.5,97.72840118,10.12279987,68.34089661,123.2680054,2.84710002,0.162689
5160,97.07250214,13.4126997,67.2641983,118.5134964,2.637900114,0.141065002
5160.5,84.13500214,14.46329975,65.23919678,119.8452988,2.687900066,0.190482006
5161,109.4264984,7.161399841,74.80010223,133.2234039,2.617399931,0.246695995
5161.5,109.5084992,7.134900093,74.51259613,138.6501007,2.691699982,0.223349005
5162,109.634903,7.992400169,72.8486023,137.0402069,2.619499922,0.228257
5162.5,116.115799,6.440199852,76.31510162,138.3686066,2.618000031,0.243668005
5163,103.4654999,7.328000069,73.81629944,126.8454056,2.607000113,0.15905501
5163.5,94.67520142,12.96580029,62.84560013,112.7830963,2.775399923,0.195876002
5164,107.6604996,7.619699955,71.16190338,126.4405975,2.610399962,0.195693001
5164.5,95.49500275,11.92459965,66.53579712,113.4101028,2.74819994,0.180428997
5165,75.37270355,13.99860001,65.58989716,120.3377991,2.774199963,0.165362001
5165.5,109.6427994,7.059100151,74.4865036,133.8871002,2.608200312,0.240543008
5166,112.3029022,4.994299889,73.68489838,137.675293,2.626100063,0.235183999
5166.5,111.0286026,6.271399975,74.48180389,134.1083069,2.646600008,0.233726993
5167,106.4421997,10.40250015,71.67749786,123.5569,2.60770011,0.183495998
5167.5,101.8557968,10.45639992,70.25209808,120.4700012,2.605499983,0.187141001
5168,75.18740082,18.2465992,62.58050156,112.1689987,2.802299976,0.160018995
5168.5,112.9662018,7.816699982,72.54499817,131.1914063,2.711999893,0.197760999
5169,110.7602997,6.171299934,74.43430328,142.3674011,2.644599915,0.280781984
5169.5,119.3040009,6.080900192,76.38629913,141.9922943,2.704099894,0.243234009
5170,93.61000061,9.722900391,69.59519959,129.1513062,2.718600035,0.227597013
5170.5,112.9173966,7.972700119,70.90219879,133.3173981,2.638499975,0.250184
5171,114.9729004,7.403399944,76.29060364,140.199295,2.640500069,0.283014
5171.5,112.5167999,8.109000206,74.4029007,137.0635071,2.651299954,0.262304992
5172,110.4652023,8.715499878,73.04519653,129.6875,2.621900082,0.254845023
5172.5,83.1765976,12.78030014,67.55280304,122.726799,2.637099981,0.235935986
5173,100.8582001,10.84109974,68.65370178,122.023201,2.650000095,0.196529999
5173.5,102.2786026,10.71189976,67.46389771,122.7949982,2.626899958,0.167697996
5174,93.30310059,7.89659977,72.32990265,132.803894,2.644000053,0.211699009
5174.5,113.3507004,6.012199879,72.81950378,139.6432037,2.771100044,0.265938997
5175,113.8757019,7.032000065,75.3039093,140.3619995,2.672600031,0.29934901
5175.5,115.2361984,6.309999943,76.55258942,142.8695984,2.63409996,0.261909992
5176,122.2471008,6.336800098,76.70779419,147.2037048,2.632600069,0.257862002
5176.5,118.1760025,6.695300102,76.51779938,146.6744995,2.632100105,0.264016002
5177,111.072403,6.764699936,76.85780335,141.7064056,2.66899991,0.256082982
5177.5,103.9686966,8.607199669,72.9776001,139.6701965,2.768399954,0.248752996
5178,113.8905029,6.743199825,76.60990143,143.1652069,2.638200045,0.246160999
5178.5,110.9926987,8.001399994,74.48060608,139.7819977,2.661600113,0.292088002
5179,106.1155014,6.904799938,74.99629974,141.4338989,2.682600021,0.241209999
5179.5,117.5295029,7.788899899,76.35520172,139.7955017,2.6177001,0.269661009
5180,113.7100983,8.508899689,73.38359833,131.9777069,2.634000063,0.221874014
5180.5,108.7105026,9.392399788,73.02269745,131.5205994,2.631400108,0.210524991
5181,98.51439667,8.60779953,70.52300263,129.7978973,2.687200069,0.213437989
5181.5,111.4152985,5.723999977,74.61299896,141.4398041,2.690900087,0.254454017
5182,122.2099991,6.527699947,78.4756012,148.0865021,2.645999908,0.268932998
5182.5,114.3492966,6.129199982,76.56020355,148.0863953,2.62590003,0.264090002
5183,119.3753967,5.773900032,77.24188995,147.6864014,2.615099907,0.258875996
5183.5,110.3328018,5.285200119,74.82240295,139.2913055,2.674599886,0.284456015
5184,110.4029007,7.363999844,73.41899872,134.3574066,2.621000052,0.259038001
5184.5,98.6160965,8.008000374,71.0911026,130.9884033,2.689100027,0.208773002
5185,102.9890976,5.886400223,72.41600037,136.4893036,2.734400034,0.266865999
5185.5,122.4013977,5.479700089,78.41570282,147.9855957,2.665400028,0.250607997
5186,118.1738968,5.767399788,77.40519714,145.5899963,2.64109993,0.262099981
5186.5,106.9293976,8.3270998,71.5059967,132.5209045,2.849100113,0.233810008
5187,93.84570313,6.183499813,70.33470154,133.9597931,2.676300049,0.269325018
5187.5,122.0082016,4.97660017,77.38560486,147.9387054,2.607399941,0.260076016
5188,118.3581009,5.170000076,78.23999786,149.3110962,2.65440011,0.295969009
5188.5,114.7080002,6.250400066,74.54540253,140.2474976,2.767400265,0.258194
5189,91.71099854,5.354800224,72.45780182,146.089798,2.653300047,0.305611998
5189.5,126.5423966,4.789400101,78.86669922,151.1679993,2.61680007,0.276169002
5190,113.2791977,6.414500237,74.49079895,139.091507,2.763600111,0.281040013
5190.5,72.25869751,12.00010014,64.46450043,121.5702972,2.721299887,0.191501007
5191,76.21109772,8.940199852,66.68049622,124.1530991,2.682800055,0.204564989
5191.5,86.61489868,9.546699524,66.73719788,125.413002,2.796999931,0.190932006
5192,78.68650055,9.213000298,65.58049774,127.6740036,2.681400061,0.216459006
5192.5,96.37159729,6.81099987,72.40499878,137.4161072,2.644500017,0.203505993
5193,91.48300171,9.753199577,70.19609833,132.5413971,2.691099882,0.248521
5193.5,98.26339722,7.13740015,72.34590149,132.4933014,2.652499914,0.220305011
5194,95.26519775,8.036700249,72.2614975,134.2653961,2.653600216,0.227964997
5194.5,91.582901,5.309400082,72.54429627,138.2129059,2.648699999,0.225450993
5195,80.55879974,4.902500153,69.26300049,133.3621063,2.759500027,0.227131009
5195.5,85.16539764,5.869400024,70.72850037,134.1909027,2.664200068,0.220048994
5196,93.44290161,6.519100189,73.14160156,133.433197,2.663300037,0.208630011
5196.5,66.49960327,9.918800354,66.47869873,127.7705994,2.852400065,0.237912998
5197,75.37509918,6.867800236,66.51229858,125.3761978,2.682699919,0.198297009
5197.5,91.86949921,5.966899872,72.49220276,132.2601929,2.741100073,0.241537988
5198,90.30599976,5.379399777,71.1733017,140.2649994,2.650599957,0.235121995
5198.5,94.05670166,6.68599987,74.31060028,138.9900971,2.676800013,0.222169995
5199,68.13420105,11.91839981,63.41910553,124.4982987,2.865400076,0.203713
5199.5,66.66429901,8.678600311,62.99250031,122.4300995,2.658799887,0.1875
5200,97.36910248,5.831699848,75.28150177,139.7342987,2.800100088,0.234612003
5200.5,87.26319885,5.376399994,70.48750305,139.7492065,2.603300095,0.222105995
5201,116.4203033,4.722599983,80.41680908,155.0590057,2.648600102,0.269048989
5201.5,73.70259857,13.05039978,66.5019989,128.469101,2.751699925,0.279508978
5202,73.36139679,8.293100357,68.37779999,122.5003967,2.829799891,0.206068993
5202.5,65.86990356,12.81620026,60.47050095,118.1523972,2.656899929,0.142967999
5203,100.2176971,5.972799778,67.15429688,130.1324005,2.606899977,0.178020001
5203.5,108.857399,5.339799881,78.41549683,148.813797,2.701400042,0.263467997
5204,83.13279724,8.815299988,70.47080231,136.7089996,2.739900112,0.263567001
5204.5,75.47399902,9.403599739,67.45739746,128.2870026,2.740099907,0.205967009
5205,80.15609741,9.930999756,66.49420166,128.1542053,2.711699963,0.183669001
5205.5,84.36370087,7.827400208,69.63999939,129.1580048,2.772200108,0.217198014
5206,82.15419769,7.707499981,70.4240036,132.9105072,2.814800024,0.231067002
5206.5,85.21150208,9.744700432,65.53520203,122.8902969,2.720999956,0.228524
5207,82.37480164,8.627300263,66.81279755,126.8886032,2.666800022,0.199493006
5207.5,72.72470093,9.110500336,72.90129852,134.4015045,2.697499991,0.22769399
5208,102.0183029,4.918200016,69.18579865,134.9044037,2.609699965,0.264887989
5208.5,104.2016983,7.654600143,79.14790344,147.8641052,2.782200098,0.280368
5209,95.59980011,7.929200172,65.01319885,128.2984924,2.625400066,0.27570802
5209.5,118.6351013,5.025800228,76.28980255,145.8289948,2.660599947,0.239099994
5210,106.2162018,5.164199829,72.40670013,132.8099976,2.812999964,0.279150009
5210.5,77.11799622,12.99349976,60.46879578,114.7891998,2.733299971,0.199891001
5211,88.42549896,11.30319977,66.78289795,127.0184021,2.773099899,0.205037996
5211.5,88.65830231,6.866099834,67.61930084,128.4253998,2.72420001,0.205611989
5212,96.38529968,6.564499855,72.26039887,133.6522064,2.736500025,0.262407005
5212.5,92.96269989,8.283499718,69.25499725,131.8350983,2.71690011,0.269915015
5213,97.37950134,8.055800438,68.97540283,129.2557983,2.704099894,0.23576799
5213.5,93.69809723,4.701399803,66.24859619,126.3635025,2.750099897,0.230513006
5214,113.9870987,3.601500034,71.32230377,133.6145935,2.765100002,0.230160996
5214.5,81.62539673,8.807999611,65.63970184,122.1240006,2.725500107,0.209381998
5215,93.34940338,10.84319973,68.35690308,121.4921036,2.815900087,0.223083988
5215.5,75.65899658,7.464099884,64.98619843,123.6183014,2.709800005,0.234632
5216,113.0828018,4.942599773,80.35549927,151.1118012,2.692800045,0.262569994
5216.5,109.3570023,7.262599945,72.48169708,137.8578033,2.676599979,0.342784017
5217,100.7033005,5.625500202,75.14060211,139.5704041,2.665199995,0.279880017
5217.5,109.978302,9.210599899,70.36699677,133.8948975,2.762599945,0.250021011
5218,94.709198,5.698800087,75.29889679,138.3179016,2.75699997,0.214478001
5218.5,92.87349701,8.724599838,66.75319672,129.3796997,2.792500019,0.232675001
5219,91.21070099,9.651399612,66.50440216,123.6044006,2.792200089,0.28334102
5219.5,123.2506027,7.233799934,63.03179932,113.8254013,2.792399883,0.222808987
5220,105.3551025,13.58679962,63.33440018,112.3335037,2.818000078,0.215291992
5220.5,108.6717987,33.2478981,60.64519882,111.1730042,2.994399786,0.195030987
5221,71.64099884,149.4718933,55.1576004,103.9490967,2.931200028,0.205000997
5221.5,77.86190033,313.6225891,57.54439926,100.8853989,2.841599941,0.180911005
5222,73.69789887,273.0125122,54.57459641,98.28170013,2.795799971,0.16523701
5222.5,69.80149841,72.08599854,55.50170136,97.91600037,2.780100107,0.118823007
5223,77.89369965,65.69529724,58.74769592,98.30889893,2.721699953,0.092530005
5223.5,63.60929871,110.756897,57.11209869,96.22850037,2.709599972,0.095408
5224,34.24720001,89.60780335,51.66090012,90.6785965,2.676399946,0.055556998
5224.5,52.4919014,87.40830231,55.5306015,86.56089783,2.75699997,0.057779003
5225,41.01679993,82.06839752,57.58520126,89.62580109,2.606699944,0.076090001
5225.5,65.69599915,108.9803009,56.72880554,90.43280029,2.657799959,0.079102002
5226,34.78179932,70.77140045,62.90679932,104.452301,2.669100046,0.062939003
5226.5,53.04650116,125.7354965,56.54370117,94.12650299,2.71239996,0.056779999
5227,35.87319946,180.2445068,55.21870041,92.95410156,2.701900005,0.051852003
5227.5,39.53120041,222.534195,54.34920502,92.31729889,2.704299688,0.054037999
5228,40.63769913,167.7205048,52.48099899,91.72730255,2.628200054,0.047705002
5228.5,44.53350067,67.01629639,52.48799896,94.06359863,2.345999956,0.060562
5229,48.00460053,157.7147064,60.81240082,91.1809082,2.661000013,0.065586999
5229.5,34.56230164,23.35250092,57.30830002,97.11750031,2.704999924,0.067910001
5230,81.04250336,35.31409836,59.2226944,100.1688995,2.768100023,0.087159999
5230.5,75.7059021,29.54579926,58.92219925,102.8133011,2.72300005,0.121808998
5231,84.48999786,29.07010078,59.51309967,103.5824966,2.784399986,0.126539007
5231.5,95.58070374,19.54380035,62.67589951,104.606102,2.715800047,0.122189999
5232,60.59730148,46.22710037,56.50159836,96.2256012,2.770600081,0.106878996
5232.5,68.9598999,34.20840073,58.49980164,97.68579865,2.758300066,0.105035
5233,61.88420105,47.7173996,56.80739975,98.03040314,2.7579,0.10509
5233.5,66.64559937,45.3268013,57.33649826,97.67549896,2.741100073,0.099721
5234,71.64209747,27.0720005,60.28210068,97.55419922,2.708499908,0.098866999
5234.5,80.07990265,29.97850037,58.88890076,96.97899628,2.691400051,0.116153002
5235,70.40399933,30.95619965,58.47969437,98.5236969,2.722599983,0.107822001
5235.5,70.44660187,36.94720078,58.52740097,98.34069824,2.720999956,0.107476994
5236,81.20459747,27.97590065,59.76440048,102.1968002,2.744999886,0.107418001
5236.5,77.16000366,35.86579895,59.17760086,102.8144989,2.736799955,0.104554996
5237,59.44720078,31.1201992,57.21250153,98.35089874,2.72149992,0.103697993
5237.5,87.63690186,15.42510033,60.93360138,103.9947052,2.753999949,0.108955003
5238,71.23770142,43.12939835,58.19879913,101.2807999,2.750400066,0.130158991
5238.5,78.69090271,36.92050171,58.88270187,97.57520294,2.754699945,0.110053994
5239,56.61650085,82.72409821,56.40370178,96.27919006,2.72939992,0.084172003
5239.5,49.51309967,165.4355011,54.40969849,95.71600342,2.767999888,0.077567004
5240,53.8742981,192.0724945,54.40719986,93.61799622,2.757499933,0.080884002
5240.5,57.98830032,102.4299011,54.52930069,94.7417984,2.772300005,0.083978996
5241,75.04250336,58.11899948,56.96149826,96.30529785,2.730900049,0.100897998
5241.5,50.59759903,82.97519684,55.29669952,94.69670868,2.650000095,0.098436005
5242,72.37680054,31.87730026,60.52949905,97.62660217,2.651000023,0.079259999
5242.5,61.53390122,46.65169907,62.46989822,99.45980072,2.639199972,0.096301004
5243,52.10290146,132.5003052,56.50019836,95.79979706,2.669500113,0.067722
5243.5,44.18009949,132.6121063,56.35229874,94.00389862,2.66079998,0.049548
5244,49.01480103,73.43389893,55.33779907,88.03489685,2.613300085,0.057751004
5244.5,53.62129974,62.43289948,59.04710388,94.78559876,2.6098001,0.075545996
5245,73.15940094,50.64179993,58.8669014,99.16400147,2.571799994,0.074258
5245.5,65.88659668,37.38150024,59.43159866,97.32859802,2.546200037,0.090930998
5246,45.72230148,80.81109619,61.50799942,91.78359985,2.665899992,0.079903998
5246.5,60.67300034,54.07799912,57.46039963,95.47319794,2.607000113,0.078310996
5247,58.60390091,107.2677994,58.44290161,93.42379761,2.633300066,0.090060994
5247.5,56.53480148,120.1953964,60.50019836,95.37020111,2.637900114,0.051236
5248,32.31230164,821.1491699,62.97969818,102.5774002,2.671299934,0.054910999
5248.5,35.65829849,331.605896,53.12580109,91.31199646,2.681400061,0.036997002
5249,76.52619934,69.63549805,51.62779999,91.59950256,2.629600048,0.042714
5249.5,46.29629898,78.26580048,56.34420013,94.49869537,2.633599997,0.069991
5250,46.13899994,90.23280335,62.92589951,97.17829895,2.67689991,0.061532002
5250.5,54.90930176,75.18450165,57.24330139,95.78019714,2.656800032,0.064704001
5251,49.09930039,52.42699814,58.78960037,95.45700073,2.67140007,0.068766996
5251.5,40.81200028,109.8812027,54.42470169,92.13800049,2.671700001,0.044408999
5252,77.00839996,32.9496994,58.78609848,95.8536911,2.615999937,0.062026002
5252.5,55.68709946,42.83599854,63.08140564,99.081604,2.640000105,0.068756998
5253,47.62440109,98.55580139,60.37559891,95.92459869,2.701699972,0.045303002
5253.5,62.9612999,58.56380081,57.42590332,95.94760132,2.679500103,0.063987002
5254,50.32929993,67.06330109,56.92890167,93.16899109,2.671000004,0.048498999
5254.5,58.94860077,32.56240082,56.99639893,95.25128937,2.681099892,0.069942996
5255,78.00810242,48.15579987,60.46680069,96.08580017,2.671200037,0.057954002
5255.5,66.56330109,31.62940025,58.53350067,96.32839966,2.675699949,0.069826998
5256,77.18689728,77.4190979,58.48720169,96.12519836,2.701499939,0.037564002
5256.5,43.31909943,102.3873978,53.36059952,91.31809998,2.691999912,0.047111001
5257,51.75859833,65.8615036,56.48389816,91.22441101,2.700999975,0.056613997
5257.5,79.50140381,38.69200134,56.49649811,94.00830078,2.650700092,0.068362996
5258,51.35079956,46.39989853,58.39110184,105.4279022,2.700799942,0.080031008
5258.5,70.5019989,10.28040028,56.65599442,99.56020355,2.636699915,0.164353013
5259,113.652298,24.61540031,70.33969879,112.1912994,2.718800068,0.076866999
5259.5,69.56040192,50.19670105,58.51679993,98.87840271,2.807499886,0.089465998
5260,64.65540314,18.91629982,55.59740448,102.7853012,2.669899941,0.105026998
5260.5,92.09960175,34.00450134,62.48669815,104.3557968,2.826100111,0.158258006
5261,91.78649902,26.87549973,56.51860046,97.07340241,2.947400093,0.090573996
5261.5,123.8314972,30.95409966,56.4681015,83.79270172,2.629199982,0.083104998
5262,88.99330139,33.47990036,56.51810074,86.73799896,2.633500099,0.079187006
5262.5,112.9830017,36.22029877,61.29000473,104.9016037,2.640000105,0.063689001
5263,68.74530029,65.83660126,56.81169891,84.63480377,2.599499941,0.069295004
5263.5,108.3775024,20.91010094,60.54320145,90.8003006,2.63560009,0.090572998
5264,171.2657013,23.24040031,65.60829926,112.0120087,2.573899984,0.096906006
5264.5,79.51239777,23.2908001,68.48120117,106.5469971,2.544100046,0.088060997
5265,46.17959976,42.11529923,64.89099884,99.17829895,2.528700113,0.065252997
5265.5,27.29680061,51.10139847,62.42769623,94.5699997,2.523799896,0.064480998
5266,37.16910172,42.37900162,63.04059982,98.12139893,2.518300057,0.078747004
5266.5,40.2845993,47.72629929,64.34829712,98.12320709,2.532900095,0.075006999
5267,40.96910095,22.15719986,63.33990097,98.03839874,2.554399967,0.097152002
5267.5,120.4860992,7.625100136,63.45199966,99.2786026,2.575200081,0.099875003
5268,55.05179977,10.5866003,63.85499954,96.27400208,2.496599913,0.063005999
5268.5,37.45159912,27.11759949,63.15750122,96.75520325,2.49090004,0.085016005
5269,26.98360062,20.47100067,66.29540253,99.09700012,2.479599953,0.074528001
5269.5,20.0802002,20.87940025,64.59449768,98.06519318,2.447099924,0.069191001
5270,22.17639923,21.7378006,64.41400147,96.69049835,2.460700035,0.061772
5270.5,35.24969864,23.2140007,62.97999954,96.22799683,2.493400097,0.079048999
5271,42.8105011,26.32029915,64.44539642,97.40310669,2.537100077,0.094958998
5271.5,46.12170029,32.82690048,61.69469833,96.58329773,2.561800003,0.100579999
5272,73.39399719,25.93619919,62.43600082,98.01470184,2.617000103,0.096018001
5272.5,43.22460175,54.05590057,63.10960007,103.6978073,2.523799896,0.072777003
5273,33.38819885,71.89250183,63.07860184,97.08119965,2.524399996,0.084188998
5273.5,30.2682991,57.84329987,62.27920151,95.76689911,2.546099901,0.064159006
5274,38.67879868,65.92749786,60.63940048,94.01989746,2.559400082,0.056651
5274.5,45.2723999,74.98390198,58.25999451,85.10939789,2.525700092,0.078594998
5275,56.59280014,62.85729981,61.19829941,98.1026001,2.578399897,0.083128005
5275.5,48.45510101,73.51270294,61.42229843,99.02809906,2.614099979,0.081220999
5276,44.12269974,60.13899994,60.4306984,96.07759094,2.56340003,0.054938998
5276.5,56.15280151,37.22249985,62.34189987,97.92549896,2.641799688,0.081352994
5277,109.7898026,51.88869858,60.45750046,98.05460358,2.59100008,0.077756003
5277.5,49.77959824,40.1507988,56.57500076,88.14859772,2.580199957,0.080642007
5278,45.63100052,33.45959854,64.77300263,97.98480225,2.610800028,0.113623999
5278.5,105.8520966,46.77830124,58.54140091,95.88259888,2.548199892,0.071645998
5279,68.71820068,57.76839829,56.86230087,96.05589294,2.564500094,0.058412001
5279.5,41.59030151,22.07819939,64.52429962,96.19719696,2.552000046,0.068463996
5280,59.22510147,5.395299912,67.16079712,102.1668015,2.655800104,0.081169002
5280.5,132.2794037,30.66570091,67.8993988,104.2549973,2.510799885,0.099812001
5281,81.33360291,41.58789825,69.08139801,104.7164993,2.523499966,0.095158994
5281.5,70.57029724,50.0632019,65.70950317,104.4167023,2.570199966,0.111887001
5282,94.14810181,60.33269882,64.45780182,97.44560242,2.600199938,0.088224001
5282.5,99.39199829,97.98560333,61.16799927,98.34179688,2.639400005,0.0625
5283,64.55490112,116.5766983,58.4407959,92.07530212,2.561100006,0.061551999
5283.5,35.61460114,201.3213959,51.89670181,85.67890167,2.608999968,0.049461998
5284,27.59790039,84.77310181,62.8512001,102.0657044,2.579999924,0.060656
5284.5,68.34770203,48.86040115,52.73970032,84.32510376,2.51880002,0.083098002
5285,68.01200104,50.60829926,59.90029907,94.19869232,2.567800045,0.091450997
5285.5,62.57180023,67.74839783,64.94660187,111.9024963,2.536799908,0.051153999
5286,79.90119934,61.90019989,64.40640259,113.3991013,2.608500004,0.071813002
5286.5,95.96479797,55.41009903,58.50590134,97.81310272,2.575000048,0.074491002
5287,87.3199997,66.74069977,58.75479889,85.69249725,2.588399887,0.080867998
5287.5,160.2855072,50.0746994,69.8361969,120.5214996,2.642499924,0.089856997
5288,136.4476013,106.899498,61.8647995,111.2593994,2.651799917,0.047666002
5288.5,91.80549622,115.6409988,57.56100082,104.225296,2.59559989,0.055145003
5289,106.0549011,60.58269882,59.56639862,100.2358017,2.595299959,0.066553995
5289.5,63.86589813,42.09820175,65.87439728,112.172699,2.586899996,0.083514996
5290,53.8526001,56.21310043,61.95470047,106.0658035,2.675199986,0.107639
5290.5,52.15599823,32.40069962,60.29990006,93.86599731,2.540199995,0.070037
5291,72.02410126,9.30189991,66.74729919,120.0418015,2.526599884,0.079894997
5291.5,116.7276993,7.453100205,67.53350067,120.2440033,2.568200111,0.096197002
5292,76.58789825,46.31000137,64.7881012,106.7370987,2.557100058,0.065500997
5292.5,65.04199982,155.5552063,67.13980103,123.6983032,2.67140007,0.046583999
5293,63.87310028,105.7996979,60.93270111,113.6937027,2.626499891,0.050678
5293.5,61.17340088,58.71689987,58.49940109,103.7602997,2.604599953,0.075002998
5294,69.4280014,96.9036026,61.07770157,105.4942017,2.613399983,0.049303997
5294.5,69.83029938,272.7789002,58.6568985,106.5131989,2.628099918,0.045642
5295,101.7518005,148.2664032,54.74660111,102.9918976,2.584399939,0.06123
5295.5,106.8450012,89.07749939,57.19789887,97.84519959,2.601700068,0.053946
5296,87.81759644,58.44319916,58.48249817,95.93891144,2.630500078,0.057105999
