DEPT,ECGR,RD,DTCO,DTSM,RHOB,TNPH,DTSM_predict
4925,151.6654053,2.967700005,80.39060211,152.1094055,2.357300043,0.225799993,144.07
4925.5,154.0894013,3.073400021,81.34770203,151.832901,2.712500095,0.205400005,146.10
4926,158.8715057,3.262599945,81.03520203,151.5368042,2.679199934,0.212199986,147.24
4926.5,158.2559967,3.412400007,81.25,154.912384,2.711400032,0.218199998,147.33
4927,154.096695,3.526900053,79.95120239,155.6746979,2.704699993,0.212900013,146.64
4927.5,170.3368073,3.423899889,81.75779724,156.5361176,2.663300037,0.209500015,147.89
4928,172.2875061,3.265799999,79.37500763,156.2353821,2.704699993,0.211200014,145.97
4928.5,168.5137024,3.006200075,78.70120239,149.7774048,2.693000078,0.205799997,144.11
4929,172.7427063,4.767399788,80.02929688,148.3361969,2.625200033,0.203299999,142.43
4929.5,151.5287933,3.027299881,79.96089935,151.7971039,2.640599966,0.219799995,145.72
4930,76.84519959,3.152499914,81.59179688,149.2765961,2.644500017,0.191499993,143.85
4930.5,79.08119965,5.157800198,82.33399963,155.9960938,2.686399937,0.143199995,143.88
4931,116.0095978,7.956299782,68.22270203,145.6150055,2.740600109,0.112799995,119.63
4931.5,116.9353027,4.228199959,72.84179688,126.0818024,2.723400116,0.164200008,132.18
4932,57.20190048,2.992799997,80.52729797,134.7610016,2.718800068,0.166800007,141.93
4932.5,55.88710022,15.31140041,69.24810028,145.0493927,2.619299889,0.090500005,111.08
4933,60.03509903,37.93930054,57.43159485,113.1903,2.675800085,0.073399998,96.84
4933.5,62.98009872,33.14410019,57.17770004,106.562294,2.646500111,0.0748,96.02
4934,56.49280167,28.61359978,59.89260101,108.9347992,2.616300106,0.079300001,96.90
4934.5,41.47240067,51.88869858,57.5780983,112.0075989,2.683300018,0.078500003,95.38
4935,63.35419846,45.35229874,55,104.8053055,2.672899962,0.07,96.01
4935.5,62.02569962,21.57229996,57.55860138,104.5371018,2.638999939,0.0748,96.52
4936,56.96789932,26.49209976,59.02339935,109.8728027,2.641900063,0.077299997,96.21
4936.5,94.10749817,33.04290009,58.2030983,109.1623001,2.713799954,0.075900003,97.85
4937,55.10729981,9.475600243,65.41020203,104.6125031,2.682399988,0.102200002,106.96
4937.5,51.42959976,8.431799889,65.45899963,118.0836029,2.683300018,0.106000006,106.68
4938,98.11930084,7.843299866,63.38869858,123.2553024,2.823299885,0.091899999,108.45
4938.5,138.6004028,2.698199987,78.50589752,112.6279984,2.640700102,0.149499998,140.88
4939,137.0345001,2.727400065,78.00779724,137.5538025,2.669800043,0.16870001,142.01
4939.5,150.0453949,2.76609993,77.5,138.3161011,2.684499979,0.167500004,142.33
4940,119.5054016,2.372100115,79.34570313,134.9535065,2.634799957,0.180200011,144.54
4940.5,95.69730377,2.360500097,77.46089935,142.1092987,2.674799919,0.19129999,142.09
4941,97.53130341,2.305099964,75.25389862,135.0372925,2.737200022,0.19780001,139.36
4941.5,93.72019959,1.795799971,76.96289825,130.8368073,2.815099955,0.210400015,145.76
4942,82.03209686,1.408200026,77.79299164,139.295105,2.840699911,0.215800002,147.55
4942.5,32.95149994,1.368399978,73.75,132.3955994,2.873300076,0.184599996,132.19
4943,10.57470036,3.132499933,66.06439972,122.8156967,2.779700041,0.101700001,105.07
4943.5,50.89670181,32.16650009,62.5780983,102.3376007,2.61590004,0.044699997,99.25
4944,36.9654007,708.7235718,66.01560211,96.04540253,2.457000017,0.0352,100.00
4944.5,48.48749924,73.86969757,67.99810028,103.6981964,2.512099981,0.058200002,103.13
4945,16.61219978,123.5254974,65.88870239,108.4138031,2.574100018,0.054699998,99.46
4945.5,12.9222002,314.8898926,64.13089752,102.0455017,2.558500052,0.047699999,97.28
4946,10.39379978,905.8236084,62.34379578,102.6717072,2.511300087,0.042300001,96.34
4946.5,8.894800186,1238.436279,65.44920349,100.3666,2.422600031,0.033800002,98.21
4947,8.140500069,1950,64.17970276,101.1108017,2.395699978,0.0274,99.04
4947.5,8.354399681,1950,66.50389862,103.3330994,2.338700056,0.025899999,101.35
4948,7.962800026,980.3668823,66.51370239,101.9490967,2.344899893,0.025899999,101.47
4948.5,7.782999992,738.6403809,67.06060028,105.7911987,2.378299952,0.029000001,99.85
4949,8.881099701,553.4274902,67.04100037,104.9518967,2.350800037,0.0255,101.63
4949.5,10.18379974,724.0349731,66.53320313,103.0249023,2.375400066,0.026800001,99.97
4950,9.385800362,871.5734253,65.66410065,101.5500031,2.397699833,0.0286,98.74
4950.5,9.727899551,792.3306274,65.53710175,104.7108994,2.385699987,0.030299999,99.08
4951,10.93939972,1939.22876,66.09380341,101.0577011,2.374900103,0.029200001,99.96
4951.5,12.74440002,244.6862946,63.43750382,101.6978989,2.426399946,0.033099998,97.38
4952,10.82590008,72.29350281,63.13480377,100.1155014,2.452399969,0.0416,97.40
4952.5,8.986800194,34.13209915,63.0469017,100.0874023,2.49029994,0.0583,97.00
4953,31.69219971,27.59539986,67.26560211,103.5323944,2.482899904,0.0726,100.89
4953.5,77.84020233,8.003100395,58.9844017,100.3420029,2.642199993,0.094300002,102.19
4954,50.40319824,24.22270012,69.33589935,115.1022949,2.593600035,0.102600001,107.41
4954.5,44.11100006,14.11390019,70.40039825,120.5556107,2.606800079,0.106600002,114.05
4955,69.50489807,15.59290028,72.80269623,118.6975021,2.658899784,0.102499999,120.97
4955.5,74.08719635,7.799799919,72.44139862,119.7742004,2.706899881,0.114399999,124.72
4956,67.22470093,7.640299797,74.02339935,132.5787048,2.578900099,0.146200001,125.61
4956.5,55.82970047,7.862100124,70.09770203,139.0899963,2.554899931,0.13939999,116.95
4957,70.46350098,4.446499825,65.9375,107.6472015,2.764699936,0.141300008,112.14
4957.5,79.15100098,7.018199921,69.08200073,116.3794022,2.550100088,0.099200003,112.03
4958,88.60849762,4.036300182,68.68160248,111.1791992,2.683300018,0.124399997,117.67
4958.5,53.54970169,2.702500105,67.84179688,115.3658981,2.706599951,0.150900006,117.43
4959,36.53290176,1.876700044,67.82230377,113.5123901,2.771699905,0.161499992,117.03
4959.5,97.30010223,5.157800198,67.65619659,121.2867966,2.629400015,0.140399993,119.57
4960,117.6837997,5.990300179,61.66989517,111.0960007,2.741600037,0.115699999,109.19
4960.5,106.9844971,2.859699965,62.86130142,105.713501,2.795900106,0.16520001,111.75
4961,26.15029907,1.241000056,75.35160828,117.3420029,2.710099936,0.239399999,141.38
4961.5,32.16210175,2.147500038,75.95700073,145.2794952,2.79460001,0.231700003,140.79
4962,16.76510048,7.412099838,75.89840698,142.3507996,2.59100008,0.1602,126.12
4962.5,12.46549988,37.85350037,66.68939972,125.7565994,2.394799948,0.0779,99.56
4963,9.856499672,36.95399857,66.04489899,107.9729996,2.548599958,0.079999998,97.50
4963.5,12.14290047,48.36429977,67.8125,106.794693,2.459500074,0.048600003,100.89
4964,9.000800133,284.4501953,66.22070313,104.7385025,2.395499945,0.032899998,99.61
4964.5,8.668800354,1950,68.56439972,108.3379898,2.30430007,0.031800002,102.53
4965,10.49709988,1950,67.99810028,108.1078033,2.32130003,0.0328,102.33
4965.5,13.48589993,1001.006592,69.58010101,106.1632996,2.319200039,0.033700001,103.92
4966,16.36980057,708.9561157,69.62889862,109.2273026,2.36590004,0.0396,103.84
4966.5,10.60459995,148.2234955,68.16410065,106.8324966,2.414499998,0.0484,101.68
4967,10.34039974,43.81750107,65.52729797,106.7934952,2.503299952,0.059499998,97.61
4967.5,18.28490067,205.4369965,68.24220276,109.9396973,2.384999991,0.042399999,103.16
4968,12.53289986,140.6712036,69.53119659,111.362999,2.378900051,0.0383,103.62
4968.5,9.428600311,52.09149933,66.21089935,107.3836975,2.479000092,0.0462,98.05
4969,10.09959984,309.407898,67.87110138,106.0597,2.385200024,0.038199998,102.35
4969.5,10.18379974,1062.31897,68.25189972,105.6287994,2.355600119,0.033099998,102.72
4970,10.45680046,648.0374756,68.71089935,107.8565979,2.363300085,0.033299997,103.17
4970.5,8.989100456,425.8543091,67.15820313,105.0959015,2.405299902,0.0321,99.93
4971,10.97630024,294.8179932,65.63480377,101.5197983,2.431099892,0.033399999,97.96
4971.5,14.59300041,335.4088135,65.68360138,99.71240997,2.386699915,0.0286,99.28
4972,47.10029984,238.2808075,65.50779724,103.5121002,2.394099951,0.0405,100.53
4972.5,31.26790047,92.22879791,66.77729797,107.1779022,2.423899889,0.062800005,100.30
4973,25.45940018,160.7149048,64.57029724,104.5854034,2.517400265,0.069699995,98.38
4973.5,24.9654007,238.5119934,64.10160065,101.1650009,2.496099949,0.0546,97.29
4974,31.24080086,438.5617981,67.43160248,104.4828033,2.48119998,0.064800002,102.74
4974.5,36.88600159,536.0324707,69.21880341,112.1970978,2.423099995,0.073699996,103.92
4975,30.84119988,493.3857117,68.72070313,106.6406021,2.457299948,0.061900001,103.77
4975.5,33.66540146,279.9443054,70.08789825,110.6207962,2.375200033,0.069299996,105.20
4976,12.46090031,80.19529724,63.47660065,104.3187027,2.483200312,0.054400001,97.41
4976.5,43.27489853,80.8588028,62.01169968,98.19400024,2.49029994,0.046999998,97.42
4977,18.80349922,53.68830109,63.28120041,99.05519867,2.539599896,0.048800003,98.00
4977.5,12.46549988,47.74679947,64.88279724,103.1500015,2.535200119,0.058699999,97.71
4978,74.7009964,24.76740074,63.75980377,102.5543976,2.507800102,0.049099997,100.71
4978.5,70.82510376,4.951900005,64.91210175,100.5530014,2.608299971,0.088199996,104.80
4979,61.37379837,9.514900208,69.61910248,113.8049011,2.673599958,0.146300003,120.55
4979.5,78.74089813,24.81769943,62.19729996,103.8958969,2.572900057,0.0722,100.28
4980,128.6063995,21.82939911,62.09960175,102.4105988,2.588999987,0.079899997,104.23
4980.5,119.1813965,8.301099777,63.9355011,104.1351013,2.62409997,0.156300008,113.51
4981,106.3470001,6.011899948,75.67379761,135.1470032,2.636300087,0.202399999,135.67
4981.5,106.6388016,5.864799976,72.13870239,129.8233032,2.655900002,0.172800005,129.35
4982,114.0708008,10.45489979,65.10739899,118.963501,2.61439991,0.135100007,113.83
4982.5,94.59700012,10.03359985,70.81060028,118.7735977,2.612600088,0.157100007,122.36
4983,112.5510025,9.837300301,67.09960175,118.3029938,2.649600029,0.134300008,118.80
4983.5,104.2330017,7.904200077,68.92579651,113.6071014,2.635400057,0.143900007,122.18
4984,45.93040085,8.49050045,69.70700073,119.7113037,2.637200117,0.155100003,120.48
4984.5,10.81029987,21.8477993,65.27339935,119.3843994,2.673399925,0.081800006,101.96
4985,32.16379929,118.0770035,63.125,98.5963974,2.461699963,0.0298,98.08
4985.5,92.51619721,469.2219849,63.45700073,96.07849884,2.421999931,0.0297,100.79
4986,11.80620003,35.16090012,66.34770203,100.9723969,2.446000099,0.0579,97.86
4986.5,67.06259918,45.96920013,68.04689789,113.8718033,2.583800077,0.089700006,106.16
4987,31.29199982,112.7128983,62.70510101,97.08079529,2.515300036,0.052099999,98.09
4987.5,13.86830044,39.8390007,64.88279724,102.7949982,2.51789999,0.067400001,97.47
4988,7.336200237,74.63269806,60.76169968,103.4605026,2.499200106,0.054499999,94.71
4988.5,20.27869988,722.2780151,66.71880341,102.3320999,2.306600094,0.030099999,102.89
4989,8.41629982,1950,68.95510101,108.0963974,2.268300057,0.032400001,102.93
4989.5,8.996100426,1950,69.66799927,110.4741058,2.271300077,0.034899999,103.54
4990,9.433300018,1950,71.23049927,113.7890015,2.273900032,0.036600001,106.34
4990.5,9.499799728,1802.641846,70.37110138,111.5832977,2.282700062,0.032499999,104.33
4991,10.56340027,1379.792236,71.18160248,112.5478897,2.280999899,0.033800002,106.55
4991.5,9.02420044,947.4099731,71.04489899,109.8692017,2.280699968,0.0308,106.47
4992,8.283100128,1318.924683,69.66799927,112.1731033,2.312400103,0.032200001,103.84
4992.5,7.982399941,1098.288208,69.12110138,106.8750076,2.314599991,0.0339,103.69
4993,8.520799637,1357.182861,69.66799927,108.4126968,2.279000044,0.0307,103.93
4993.5,9.588399887,1944.796143,69.16989899,108.8640976,2.286000013,0.028299999,102.95
4994,8.99050045,1950,68.88670349,108.5145035,2.318200111,0.032000002,102.89
4994.5,10.66300011,1263.169067,69.05269623,108.3362045,2.32949996,0.0309,103.69
4995,9.286000252,1083.805054,68.29100037,108.4011002,2.414999962,0.033099998,101.71
4995.5,7.974899769,1277.733154,68.26170349,107.2285996,2.317699909,0.033599999,103.26
4996,7.974899769,1860.967529,66.74810028,103.4869995,2.380199909,0.034600001,100.20
4996.5,9.002400398,1931.090088,67.57810211,104.5185928,2.310899973,0.032600001,102.35
4997,8.41629982,1950,67.28520203,105.7050018,2.329699993,0.028900001,102.34
4997.5,10.50640011,1950,67.69529724,106.7273026,2.311199904,0.0273,102.55
4998,9.784799576,1880.812744,68.19339752,107.2910004,2.267800093,0.026199998,102.94
4998.5,13.30440044,1914.598999,67.99810028,107.9279022,2.252599955,0.026099999,103.03
4999,46.43529892,1818.232788,67.78320313,106.9187012,2.32069993,0.025699999,103.21
4999.5,14.81019974,1095.42627,68.06639862,108.6318893,2.299700022,0.027000001,103.58
5000,19.75629997,503.9695129,65.00980377,100.1361084,2.405400038,0.034400001,98.52
5000.5,64.69519806,464.1162109,67.30470276,104.5802994,2.44630003,0.052699998,104.37
5001,9.715200424,266.2340088,64.65820313,105.6631012,2.473500013,0.0429,97.90
5001.5,10.20040035,70.6917038,66.82620239,103.7951965,2.50180006,0.047800001,100.30
5002,10.90149975,228.1728058,64.78520203,106.3980026,2.494699955,0.048899997,97.75
5002.5,10.91049957,1950,69.21880341,105.4641037,2.374300003,0.027899999,103.23
5003,11.3913002,1950,65.82029724,109.0717011,2.397200108,0.028900001,99.69
5003.5,33.0007019,1237.99646,67.38279724,104.0018997,2.370800018,0.029200001,103.58
5004,16.57679939,1950,67.79299927,107.5526962,2.339799881,0.032499999,103.48
5004.5,18.36059952,533.9594116,68.35939789,106.6026001,2.356699944,0.042199999,105.64
5005,15.01519966,358.4331055,66.36720276,104.8934021,2.412699938,0.050100002,99.84
5005.5,43.19869995,176.4087067,69.60939789,108.1762009,2.352999926,0.051399998,105.52
5006,8.254599571,280.1600952,66.52339935,107.4561005,2.381200314,0.049099997,100.79
5006.5,9.520899773,128.9651947,67.87110138,105.6919022,2.381799936,0.046599999,103.57
5007,10.59990025,297.2217102,66.11329651,106.5428009,2.349100113,0.042199999,102.36
5007.5,10.52250004,751.7758789,68.94529724,107.1854019,2.283899784,0.029100001,104.48
5008,13.42469978,1356.853394,67.12889862,109.1582947,2.315000057,0.026099999,102.76
5008.5,13.06739998,1666.134644,66.28910065,105.2726975,2.353199959,0.025,101.72
5009,15.60249996,1950,64.87310028,103.1904984,2.374799967,0.025,99.51
5009.5,9.243700028,1127.925415,63.65230179,100.6251984,2.42689991,0.028099999,96.87
5010,9.239299774,1244.858643,63.74020004,101.9460983,2.440700054,0.033399999,96.95
5010.5,10.92570019,1458.682739,66.44529724,101.8061981,2.378499985,0.0321,100.38
5011,24.38629913,1775.819092,69.08200073,107.8271027,2.296000004,0.033700001,103.91
5011.5,9.585300446,1013.388916,68.56439972,107.4483032,2.331599951,0.036899999,104.63
5012,10.30280018,349.7164917,66.97270203,104.8924027,2.412699938,0.040799998,100.47
5012.5,8.317199707,864.6124268,66.20120239,106.6817017,2.404999971,0.032400001,99.11
5013,10.00699997,1062.200195,67.91989899,106.9690018,2.344700098,0.029300001,104.03
5013.5,15.83209992,1631.912964,66.81639862,107.7060013,2.335799933,0.026300002,102.69
5014,10.36219978,1674.084473,67.50980377,105.4779968,2.34800005,0.026900001,102.98
5014.5,9.537699699,1540.536255,67.90039825,108.9336014,2.359999895,0.033599999,103.39
5015,9.420999527,1917.825928,67.65619659,106.9738007,2.361799955,0.0319,102.48
5015.5,9.761300087,710.7709961,66.88480377,106.5292969,2.358599901,0.0319,101.59
5016,7.87650013,239.6670075,67.87110138,106.907608,2.367500067,0.0298,103.60
5016.5,7.919099808,117.1451035,68.28119659,106.2751007,2.364099979,0.0354,103.95
5017,24.5522995,75.94159699,67.85160065,106.683403,2.327800036,0.035599999,104.35
5017.5,99.50389862,32.8445015,69.00389862,110.4483032,2.320300102,0.040799998,106.50
5018,91.42279816,2.909399986,65.15619659,108.5846024,2.492500067,0.093500003,106.96
5018.5,79.87809753,2.554399967,67.32420349,111.6858978,2.842200041,0.139899999,115.97
5019,72.89080048,8.725700378,66.02539825,112.2504044,2.707299948,0.123000003,109.96
5019.5,82.51100159,10.86289978,64.80470276,106.785202,2.689199925,0.104499996,106.98
5020,82.40930176,11.98639965,62.6269989,103.4233017,2.760200024,0.101300001,103.39
5020.5,91.66069794,8.795900345,64.78520203,107.1324005,2.743599892,0.115699999,110.36
5021,89.56719971,8.762299538,64.79489899,107.6253967,2.693200111,0.111999996,109.68
5021.5,84.21330261,8.714599609,65.29299927,109.7639008,2.682100058,0.1197,109.96
5022,50.1128006,9.808099747,64.95120239,111.0752029,2.672100067,0.110600002,106.40
5022.5,54.43190002,10.11919975,64.36519623,106.1955032,2.670399904,0.100600004,105.93
5023,90.05799866,23.83029938,59.5019989,96.20120239,2.752500057,0.090600006,98.72
5023.5,93.79949951,9.273799896,55.66410065,95.30120087,2.817699909,0.091300003,101.83
5024,87.60679627,8.469400406,66.22070313,113.0425034,2.66140008,0.132700011,112.67
5024.5,54.76470184,8.711500168,68.08589935,115.3447037,2.637000084,0.1558,117.35
5025,59.2336998,8.664299965,66.98239899,115.0077972,2.669199944,0.131099999,112.00
5025.5,63.03730011,21.77709961,60.55659485,102.2825012,2.754699945,0.102899998,98.78
5026,83.02249908,18.85639954,61.08399963,101.7649002,2.70630002,0.103199996,100.97
5026.5,85.14900208,13.53680039,60.32229996,100.1759033,2.70510006,0.104599997,100.78
5027,90.3553009,8.249400139,64.21880341,118.7580032,2.683199883,0.132200003,111.41
5027.5,101.8116989,9.777299881,67.83200073,120.5108032,2.689199925,0.152199999,119.69
5028,90.39620209,7.958099842,67.82230377,122.8912964,2.700700045,0.16520001,118.96
5028.5,102.8582001,7.859499931,70.76170349,125.9032974,2.653700113,0.174099997,125.32
5029,91.01290131,7.961500168,69.40429688,123.740799,2.691200018,0.183899999,123.40
5029.5,92.49420166,9.006799698,70.625,129.421402,2.691299915,0.177399993,124.68
5030,98.25769806,9.652899742,68.83789825,122.8386002,2.685899973,0.183799997,121.07
5030.5,101.8242035,11.07019997,70.91799927,127.4319,2.698899984,0.197300002,125.12
5031,103.575798,7.186299801,68.34960175,127.4504013,2.692699909,0.200300008,121.46
5031.5,100.947197,7.771900177,70.90820313,130.3883972,2.699700117,0.192000002,126.41
5032,110.0339966,7.380899906,71.54299927,129.0968018,2.714600086,0.200000003,129.78
5032.5,92.9641037,5.588699818,71.07420349,-999.25,2.698600054,0.205799997,128.52
5033,86.13500214,5.795400143,72.8125,-999.25,2.686300039,0.204099998,130.67
5033.5,90.3891983,8.217499733,67.76370239,-999.25,2.731699944,0.173999995,118.99
5034,103.941803,8.006199837,67.03119659,129.8751068,2.736099958,0.173600003,118.04
5034.5,108.5279999,7.186200142,68.98439789,128.8943024,2.712300062,0.188999996,123.87
5035,98.63590241,6.799200058,70.80079651,134.712204,2.733700037,0.181800008,126.45
5035.5,103.3003998,6.892199993,71.89450073,134.7050934,2.695100069,0.19569999,128.83
5036,99.99169922,7.015100002,69.24810028,126.6951065,2.69720006,0.197600007,123.60
5036.5,81.93029785,6.788499832,69.84380341,129.1472015,2.706799984,0.185499996,125.44
5037,88.90930176,8.436100006,68.45700073,123.8958969,2.704799891,0.171700001,119.92
5037.5,78.47350311,12.45199966,64.61910248,117.2078018,2.752799988,0.142200008,107.88
5038,74.08920288,10.63640022,65.69339752,115.1070938,2.729099989,0.138699994,110.44
5038.5,86.19270325,12.05210018,64.63870239,114.0770035,2.736000061,0.119499996,106.74
5039,71.90979767,12.93980026,62.7831955,107.4321976,2.765899897,0.113199994,103.82
5039.5,65.20330048,12.71660042,63.49610138,110.3720017,2.69659996,0.1162,104.76
5040,62.51240158,13.16170025,64.74610138,108.5136948,2.724299908,0.100900002,104.63
5040.5,87.68419647,15.92370033,62.95899963,104.3236008,2.715899944,0.083700001,102.38
5041,71.62069702,20.74720001,61.02539825,102.4461975,2.720999956,0.078400001,99.47
5041.5,87.7263031,18.99209976,61.93360138,100.7167969,2.699300051,0.081999995,100.66
5042,78.62729645,13.24330044,64.74610138,107.8069077,2.661299944,0.117200002,106.03
5042.5,63.32559967,9.635399818,66.96289825,116.9200974,2.729000092,0.130999997,111.92
5043,72.96970367,13.79850006,63.2030983,106.1436997,2.706799984,0.109700002,103.68
5043.5,59.29430008,15.8355999,62.24610138,101.9685974,2.677599907,0.074299999,100.07
5044,85.82980347,13.41049957,62.66600037,102.3636017,2.719399929,0.081800006,102.63
5044.5,69.16739655,13.56799984,61.56250382,102.249794,2.682499886,0.082399994,101.16
5045,75.51059723,13.24250031,62.67580032,104.9972,2.708400011,0.086800002,102.00
5045.5,80.457901,14.22329998,62.02150345,100.9775085,2.71239996,0.074000001,101.72
5046,70.80639648,13.4708004,63.01760101,104.790802,2.701299906,0.083900005,102.77
5046.5,93.07769775,12.10429955,63.16410065,103.8156967,2.664999962,0.079800002,104.54
5047,59.89160156,14.78530026,60.44920349,101.8534012,2.710900068,0.074000001,99.04
5047.5,63.30210114,15.14410019,60.20510101,103.0558014,2.697900057,0.071500003,98.11
5048,66.94360352,22.63269997,59.99020004,98.61460114,2.713900089,0.060700003,97.79
5048.5,75.5667038,30.38529968,60.06840134,98.96299744,2.733599901,0.070100002,98.44
5049,54.59400177,21.5727005,60.31250382,101.7222977,2.815299988,0.0924,97.92
5049.5,77.38220215,19.12050057,61.29880142,100.8741913,2.663599968,0.073699996,99.55
5050,102.3192978,30.61420059,59.68750382,101.1840973,2.605099917,0.052800003,97.31
5050.5,105.7372971,8.9854002,65.61519623,105.4602051,2.690599918,0.092,113.74
5051,97.55220032,11.5138998,62.50980377,105.2925034,2.694700003,0.095600002,103.93
5051.5,110.8879013,10.53419972,64.39450073,108.6408005,2.670399904,0.094899997,110.56
5052,108.5917969,9.787599564,65.19529724,107.219902,2.678600073,0.103999995,113.25
5052.5,87.38860321,8.860199928,64.03320313,106.7222977,2.904500008,0.143399999,108.78
5053,112.0339966,6.857800007,65.20510101,-999.25,3.026299954,0.174699992,115.05
5053.5,111.4644013,8.98029995,66.71880341,-999.25,3.001699925,0.164599985,117.61
5054,131.3229981,3.967099905,66.54299927,-999.25,2.810300112,0.146899998,118.90
5054.5,113.1706009,2.604199886,70.94730377,-999.25,2.669399977,0.172399998,130.32
5055,69.99590302,12.91110039,75.61519623,123.8038025,2.670000076,0.188299999,129.72
5055.5,65.21260071,23.43370056,68.57420349,132.7052002,2.76060009,0.145699993,113.03
5056,44.54109955,7.425799847,63.16410065,109.9843979,2.71420002,0.072800003,103.50
5056.5,74.26719666,26.80990028,64.18939972,105.0615006,2.518399954,0.048,100.93
5057,47.95489883,44.04560089,60.45899963,104.995697,2.518599987,0.047199998,94.63
5057.5,45.85499954,36.05009842,61.71879578,97.77739716,2.598799944,0.055399999,98.48
5058,36.1086998,24.57799912,63.24219513,101.9234009,2.54460001,0.053300001,98.58
5058.5,39.68909836,42.50799942,60.13669968,101.3862,2.583499908,0.054400001,95.52
5059,41.99240112,32.30049896,58.38869858,104.4998932,2.61529994,0.056399997,94.39
5059.5,73.27909851,33.62639999,68.71089935,98.34970093,2.442300081,0.078699999,105.41
5060,65.6516037,32.16749954,67.83200073,110.3599014,2.395600081,0.076099999,104.36
5060.5,56.12260056,21.4428997,67.56839752,109.5643005,2.461199999,0.074299999,102.74
5061,43.89590073,21.40460014,66.93360138,108.9717026,2.453299999,0.074200004,99.19
5061.5,43.14179993,18.91930008,68.22270203,105.8792038,2.467200041,0.073899999,102.75
5062,60.94960022,21.37490082,68.45700073,108.4810944,2.456399918,0.072499998,105.23
5062.5,55.28530121,18.43079948,68.37889862,108.1239014,2.402800083,0.074699998,104.50
5063,58.65539932,15.82390022,70.18560028,111.1615982,2.428200007,0.079800002,108.89
5063.5,68.98709869,23.32040024,66.70899963,111.8603973,2.491499901,0.080600001,101.09
5064,75.0306015,17.7954998,65.18560028,108.5723114,2.522300005,0.072999999,102.26
5064.5,49.229599,17.90379906,65.56639862,104.7171936,2.499200106,0.064899996,99.22
5065,56.43000031,21.87389946,62.92969894,102.9810028,2.508100033,0.062800005,98.84
5065.5,68.58499908,19.46710014,65.42970276,100.2855988,2.477300167,0.061799999,101.03
5066,55.6006012,21.99959946,64.33589935,102.2949905,2.487099886,0.067100003,99.22
5066.5,76.19589996,18.50119972,64.23829651,102.3265991,2.525000095,0.065399997,101.44
5067,60.27970123,21.24819946,64.22850037,102.3594971,2.476200104,0.054899998,100.38
5067.5,93.90579987,23.15239906,63.83789825,102.2533035,2.531399965,0.054400001,102.67
5068,59.18920136,55.75770187,57.95899963,103.4139023,2.680500031,0.0469,95.47
5068.5,70.16419983,17.23690033,60.10739899,94.23179627,2.633699894,0.051999997,97.84
5069,76.23100281,24.64649963,60.91799927,93.854599,2.710099936,0.054200001,99.96
5069.5,96.64929962,20.01810074,60.8594017,99.3006897,2.616600037,0.0614,99.72
5070,123.9458008,16.63850021,61.85549545,99.51750183,2.622200012,0.1153,105.70
5070.5,114.3572998,5.732500076,70.20510101,99.67120361,2.648400068,0.190499991,126.93
5071,88.48149872,5.487199783,74.93160248,99.36579895,2.6256001,0.144700006,131.17
5071.5,104.5159988,9.982099533,67.91989899,-999.25,2.638200045,0.085299999,116.60
5072,76.77010346,20.06500053,61.19139862,-999.25,2.699100018,0.083400004,99.66
5072.5,57.64730072,17.98990059,62.54880142,-999.25,2.681400061,0.064099997,100.47
5073,94.34089661,17.81780052,60.82030106,-999.25,2.630100012,0.063500002,99.88
5073.5,98.29509735,30.20210075,58.99409866,-999.25,2.682600021,0.0735,97.41
5074,66.20960236,18.40060043,61.07420349,-999.25,2.643899918,0.068899997,99.24
5074.5,70.80010223,16.48310089,61.56250382,-999.25,2.660200119,0.064300001,100.32
5075,73.52210236,23.49900055,60.7030983,-999.25,2.691200018,0.075100005,98.49
5075.5,108.7811966,16.79330063,63.46680069,-999.25,2.617799997,0.081899993,105.48
5076,76.21089935,19.54109955,61.0644989,-999.25,2.708300114,0.079899997,100.10
5076.5,80.57620239,19.04430008,61.58200073,-999.25,2.660099983,0.077600002,100.47
5077,89.51090241,18.93700028,60.63480377,-999.25,2.645699978,0.068999998,99.70
5077.5,97.30690002,20.25499916,59.8144989,-999.25,2.691800118,0.074000001,98.36
5078,83.00569916,14.7954998,62.29489517,-999.25,2.699199915,0.074600004,102.23
5078.5,90.05999756,17.35560036,62.33399963,-999.25,2.665600061,0.0722,102.06
5079,99.77700043,14.16889954,62.48049545,-999.25,2.647799969,0.074099995,103.14
5079.5,88.26139832,14.58460045,62.16799927,-999.25,2.716500044,0.072999999,103.01
5080,112.5811997,17.66209984,60.79100037,-999.25,2.783200026,0.067400001,103.68
5080.5,91.71749878,14.18080044,62.01169968,-999.25,2.784399986,0.065099999,103.46
5081,86.20829773,13.19820023,62.91019821,-999.25,2.808000088,0.067299999,104.46
5081.5,91.01380158,11.89799976,63.21289825,-999.25,2.787199974,0.066599995,105.79
5082,92.43869782,12.85130024,63.6230011,-999.25,2.722700119,0.0656,105.97
5082.5,89.98940277,13.45899963,62.1581955,-999.25,2.69810009,0.065300003,103.62
5083,68.76619721,10.47749996,68.81839752,-999.25,2.684600115,0.067000002,115.29
5083.5,90.54350281,17.71710014,65.10739899,-999.25,2.685600042,0.068099998,108.07
5084,57.09080124,20.87380028,64.02339935,-999.25,2.695300102,0.067199998,101.74
5084.5,104.3659973,8.913599968,69.62889862,-999.25,2.706700087,0.066399999,121.61
5085,94.34950256,5.395699978,71.22070313,-999.25,2.751499891,0.065799996,125.05
5085.5,100.7272034,7.41230011,64.12110138,-999.25,2.747400045,0.067699999,111.56
5086,41.01900101,11.8810997,65.33200073,-999.25,2.755000114,0.0682,105.89
5086.5,128.178299,21.26860046,67.87110138,-999.25,2.758300066,0.068899997,112.85
5087,130.2156982,10.01589966,75.61519623,-999.25,2.769799948,0.068700001,131.55
5087.5,120.0169983,3.907799959,74.25779724,-999.25,2.759299994,0.071400002,135.32
5088,69.2141037,5.304100037,73.40820313,-999.25,2.763700008,0.070799999,127.54
5088.5,67.87779999,6.797599793,73.4375,-999.25,2.757600069,0.067699999,127.47
5089,101.9794998,29.52510071,72.70510101,-999.25,2.748300076,0.069600001,118.58
5089.5,145.4972992,7.095900059,72.91020203,-999.25,2.764699936,0.071000002,130.04
5090,129.4268951,5.350299835,72.88089752,-999.25,2.763000011,0.067900002,129.92
5090.5,38.82339859,4.688099861,72.89060211,-999.25,2.750400066,0.063200004,125.64
5091,38.48139954,7.954299927,72.82230377,-999.25,2.743599892,0.0625,123.82
5091.5,55.48239899,21.03619957,72.67579651,-999.25,2.728100061,0.058899999,118.58
5092,35.13349915,24.4137001,75.75189972,-999.25,2.699800015,0.059099998,123.07
5092.5,39.87329865,21.42490006,77.48049927,-999.25,2.715199947,0.073399998,126.13
5093,56.9673996,20.36829948,77.31440735,-999.25,2.713200092,0.074299999,128.18
5093.5,135.9447022,22.60630035,77.37310028,-999.25,2.722800016,0.079300001,128.23
5094,73.2641983,9.343299866,77.37310028,-999.25,2.712500095,0.144700006,134.48
5094.5,56.00139999,9.550000191,77.30470276,-999.25,2.733799934,0.238499999,137.71
5095,48.55920029,28.6882,77.19729614,-999.25,2.742300034,0.098800004,126.79
5095.5,114.7638016,15.80280018,77.25589752,-999.25,2.763900042,0.103199996,132.10
5096,82.27999878,28.69549942,77.23629761,-999.25,2.762200117,0.109300003,127.26
5096.5,119.9399033,6.156199932,77.27539825,-999.25,2.742000103,0.137099996,142.58
5097,118.5787964,20.59339905,77.20700073,-999.25,2.733799934,0.185100004,134.67
5097.5,116.0538025,7.227300167,77.24610138,-999.25,2.733500004,0.168099999,140.37
5098,119.4204025,6.296000004,77.56839752,-999.25,2.748899937,0.263300002,146.12
5098.5,117.3113022,5.522999764,77.53910065,-999.25,2.748500109,0.276899993,146.87
5099,118.3571014,5.452600002,77.30470276,-999.25,2.750400066,0.265900016,146.64
5099.5,113.7542038,5.671000004,77.41210175,-999.25,2.747600079,0.289700002,146.66
5100,115.2244034,5.756899834,77.5,-999.25,2.749300003,0.274100006,146.53
5100.5,116.4859009,5.856800079,77.59770203,-999.25,2.708899975,0.275999993,146.31
5101,132.4264069,5.958799839,77.4706955,-999.25,2.725800037,0.273699999,146.97
5101.5,129.3385925,6.763700008,77.53910065,-999.25,2.748100042,0.249699995,145.17
5102,136.5527954,5.47840023,77.58789825,-999.25,2.696099997,0.243099988,144.69
5102.5,147.6817932,4.499800205,77.50980377,-999.25,2.703900099,0.261999995,145.95
5103,131.3182983,6.057899952,77.07029724,-999.25,2.648499966,0.216700003,142.32
5103.5,148.4642029,8.755999565,76.94339752,-999.25,2.619100094,0.1505,135.82
5104,147.2906036,9.307299614,77.34380341,-999.25,2.712899923,0.200800002,138.15
5104.5,144.9528046,7.431499958,77.48049927,-999.25,2.684200048,0.202099994,139.55
5105,138.6287994,5.440299988,76.72850037,-999.25,2.736999989,0.2218,143.39
5105.5,136.9151001,5.439899921,76.68939972,-999.25,2.737200022,0.24180001,144.76
5106,140.7149963,5.009900093,75.82029724,-999.25,2.743999958,0.234999999,143.61
5106.5,142.633606,5.423099995,77.39260101,-999.25,2.746999979,0.242600009,145.18
5107,144.9528046,5.173399925,76.28910065,-999.25,2.750400066,0.237499997,144.09
5107.5,134.6676941,5.509900093,78.51560211,-999.25,2.715800047,0.247600004,145.84
5108,133.9163971,5.545800209,78.23239136,-999.25,2.699899912,0.237399995,144.86
5108.5,136.9151001,5.622499943,77.32420349,-999.25,2.691499949,0.216200009,142.98
5109,133.922699,5.845399857,74.31639862,-999.25,2.695800066,0.2315,140.19
5109.5,146.1170044,5.822400093,78.89649963,-999.25,2.699899912,0.243900001,145.42
5110,122.6026993,5.834799767,77.35350037,-999.25,2.667000055,0.224799991,142.84
5110.5,124.5412979,6.146900177,77.83200073,-999.25,2.683799982,0.220799997,143.22
5111,113.2247009,5.018499851,76.18160248,-999.25,2.691299915,0.207199991,140.00
5111.5,119.8974991,3.538500071,76.71880341,-999.25,2.683399916,0.209500015,142.29
5112,134.6614075,2.475500107,75.57620239,-999.25,2.611099958,0.188799992,140.24
5112.5,115.4940033,5.072400093,76.2206955,-999.25,2.659399986,0.229300007,142.01
5113,33.47299957,12.95820046,83.99410248,-999.25,2.630500078,0.24440001,147.50
5113.5,25.29269981,59.39110184,67.17769623,-999.25,2.671499968,0.133599997,109.79
5114,26.27459908,28.7234993,60.41989517,-999.25,2.573400021,0.0561,96.23
5114.5,19.9279995,25.48950005,59.62889862,-999.25,2.605000019,0.065700002,96.67
5115,13.50889969,27.36660004,60.9081955,-999.25,2.594500065,0.0623,97.18
5115.5,24.32320023,23.50279999,59.8144989,-999.25,2.58920002,0.067500003,97.10
5116,23.37870026,27.12509918,59.97069931,-999.25,2.575799942,0.066399999,96.41
5116.5,29.51169968,19.56089973,64.85350037,-999.25,2.505800009,0.0801,99.51
5117,31.18549919,22.68079948,63.74020004,-999.25,2.540400028,0.077800006,98.62
5117.5,20.00799942,23.10420036,62.86130142,-999.25,2.487200022,0.072800003,98.13
5118,40.17869949,22.99580002,61.92380142,-999.25,2.544899941,0.070600003,97.61
5118.5,32.37329865,23.36930084,61.25,-999.25,2.560899973,0.066799998,97.87
5119,33.74950028,26.54129982,61.16210175,-999.25,2.579999924,0.066,98.49
5119.5,34.23109818,22.4137001,59.9219017,-999.25,2.587500095,0.079300001,96.89
5120,17.20140076,16.79649925,62.80270004,-999.25,2.562099934,0.081199996,99.45
5120.5,30.22249985,21.79400063,60.40039825,-999.25,2.59100008,0.064000003,97.18
5121,37.91410065,22.96980095,62.12889862,-999.25,2.548000097,0.063900001,97.73
5121.5,36.55970001,19.66270065,65.91799927,-999.25,2.493599892,0.087700002,101.31
5122,39.77659988,19.18190002,65.57620239,-999.25,2.475699902,0.087799996,101.25
5122.5,24.00839996,22.21929932,63.83789825,-999.25,2.467099905,0.076399997,98.13
5123,37.67509842,29.95800018,63.6719017,-999.25,2.481300116,0.070100002,98.52
5123.5,23.19729996,44.68280029,59.83399963,-999.25,2.556099892,0.055399999,95.36
5124,25.70910072,69.15859985,59.93159485,-999.25,2.577100039,0.051899999,95.45
5124.5,24.33259964,63.16830063,61.20119858,-999.25,2.581199884,0.064999998,98.28
5125,31.95750046,58.46699905,63.21289825,-999.25,2.564399958,0.063500002,99.80
5125.5,75.52529907,68.47989655,61.45510101,-999.25,2.613500118,0.060800001,101.71
5126,41.93019867,59.14670181,63.36909866,-999.25,2.568500042,0.056199998,100.34
5126.5,31.03199959,30.7052002,63.77930069,-999.25,2.605999947,0.055999998,100.79
5127,55.46680069,93.41760254,55.84960175,-999.25,2.920700312,0.055999998,95.75
5127.5,44.75469971,52.2364006,60.80080032,-999.25,2.710599899,0.063900001,97.53
5128,91.80690002,33.05960083,65.21479797,-999.25,2.681999922,0.064800002,108.94
5128.5,37.92029953,25.43059921,63.01760101,-999.25,2.742399931,0.076200001,101.81
5129,56.64199829,35.44449997,64.27729797,-999.25,2.508500099,0.068599999,100.15
5129.5,50.39889908,49.11100006,61.93360138,-999.25,2.807600021,0.057500001,100.51
5130,70.87020111,33.28179932,60.76169968,-999.25,2.84710002,0.0561,100.36
5130.5,45.49729919,39.31909943,59.02339935,-999.25,2.780699968,0.060599998,97.59
5131,45.04990006,29.64010048,63.8769989,-999.25,2.631900072,0.068599999,99.86
5131.5,48.51319885,31.77840042,64.64839935,-999.25,2.603100061,0.075800002,99.80
5132,68.11000061,30.43050003,63.84769821,-999.25,2.679100037,0.077399999,103.03
5132.5,68.22280121,32.44480133,64.77539825,-999.25,2.707299948,0.075999998,104.62
5133,108.5386963,23.65049934,63.72069931,-999.25,2.785399914,0.078400001,106.57
5133.5,94.94799805,23.49340057,64.25779724,-999.25,2.677400112,0.068400003,106.03
5134,61.0802002,21.53580093,61.33789825,-999.25,2.643899918,0.065899998,100.21
5134.5,38.80120087,26.03359985,62.19729996,-999.25,2.700900078,0.072899997,100.22
5135,32.5666008,34.4878006,61.20119858,-999.25,2.693200111,0.061000001,101.03
5135.5,55.52600098,116.0845032,55.89839935,-999.25,2.657500029,0.0354,93.88
5136,51.21500015,168.6741943,57.41210175,-999.25,2.680500031,0.033099998,94.15
5136.5,40.12260056,92.99839783,58.47660065,-999.25,2.675100088,0.040999997,94.67
5137,45.85169983,28.5923996,61.30860138,-999.25,2.653899908,0.0579,99.49
5137.5,73.07369995,68.7338028,63.34960175,-999.25,2.600699902,0.054099999,103.10
5138,59.58580017,33.94589996,62.8905983,-999.25,2.514899969,0.044599999,100.28
5138.5,69.54599762,35.91249847,60.99610138,-999.25,2.6881001,0.0493,102.55
5139,79.73699951,33.57080078,65.18560028,-999.25,2.605099917,0.054699998,107.35
5139.5,52.63019943,32.68830109,59.8144989,-999.25,2.66140008,0.0462,96.75
5140,82.66919708,68.29370117,57.08980179,-999.25,2.657799959,0.032299999,95.59
5140.5,51.81930161,93.41919708,52.80270004,-999.25,2.701999903,0.0219,93.98
5141,42.50999832,41.66880035,55.92770004,-999.25,2.706099987,0.0287,94.90
5141.5,58.70119858,59.10079956,55.83980179,-999.25,2.699300051,0.0352,94.89
5142,117.0525971,56.91180039,60.19530106,-999.25,2.592900038,0.043400001,99.65
5142.5,87.29750061,24.10680008,61.0155983,-999.25,2.637799978,0.043099999,101.68
5143,57.87950134,5.009200096,66.48439789,-999.25,2.699300051,0.068599999,114.76
5143.5,75.01860046,24.46789932,61.22069931,-999.25,2.676199913,0.062800005,102.35
5144,85.85790253,47.01010132,61.97269821,-999.25,2.552299976,0.044899996,100.56
5144.5,55.36669922,18.43429947,62.92969894,-999.25,2.669300079,0.047399998,102.20
5145,98.67479706,39.41009903,62.28519821,-999.25,2.776799917,0.047600001,102.67
5145.5,107.6596985,107.5136032,56.88480377,-999.25,2.736599922,0.0294,97.03
5146,76.41919708,48.35929871,55.13669968,-999.25,2.743799686,0.027000001,95.72
5146.5,80.24890137,32.41080093,58.69139862,-999.25,2.704999924,0.040900003,97.48
5147,89.3035965,27.83860016,60.77150345,-999.25,2.660099983,0.047600001,99.86
5147.5,70.65470123,23.04369927,66.06439972,-999.25,2.755399942,0.055199999,109.26
5148,91.41750336,74.64620209,64.91210175,-999.25,2.626100063,0.0495,105.05
5148.5,87.64679718,33.35990143,60.11719513,-999.25,2.684400082,0.046799999,98.05
5149,140.5021057,31.77020073,62.5,-999.25,2.644999981,0.053000003,103.42
5149.5,88.91860199,19.80719948,63.69139862,-999.25,2.708699942,0.050100002,105.47
5150,78.21160126,25.33639908,60.48830032,-999.25,2.678100109,0.0535,98.55
5150.5,104.0867004,69.93650055,60.86909866,-999.25,2.604599953,0.051999997,100.66
5151,75.69760132,114.1542969,58.97460175,-999.25,2.664700031,0.042199999,96.61
5151.5,67.82170105,88.29910278,58.84769821,-999.25,2.713099957,0.0396,96.93
5152,57.41500092,222.0335999,55.01950073,-999.25,2.742000103,0.0295,94.70
5152.5,84.99880219,81.18049622,56.30860138,-999.25,2.6881001,0.044499997,95.10
5153,45.50699997,28.15589905,64.15039825,-999.25,2.595799923,0.077800006,99.49
5153.5,36.65599823,26.52490044,65.72270203,-999.25,2.55340004,0.0757,100.05
5154,39.86270142,69.71990204,58.33980179,-999.25,2.665699959,0.0471,94.40
5154.5,44.5223999,40.18050003,56.62110138,-999.25,2.663000107,0.0418,94.62
5155,53.07279968,29.11800003,61.875,-999.25,2.610599995,0.063500002,99.75
5155.5,36.09790039,35.30089951,63.27150345,-999.25,2.636699915,0.070500001,100.05
5156,41.36270142,37.39530182,64.12110138,-999.25,2.694600105,0.054400001,102.83
5156.5,19.93889999,113.9425964,56.18159485,-999.25,2.785399914,0.033500001,94.53
5157,35.94710159,146.2297058,57.69530106,-999.25,2.720700026,0.028900001,95.31
5157.5,52.63949966,140.2268066,54.25780106,-999.25,2.719799995,0.023499999,94.48
5158,48.06349945,75.1371994,54.7655983,-999.25,2.726799965,0.031800002,94.66
5158.5,34.04249954,60.91439819,58.69139862,-999.25,2.679699898,0.039000001,95.95
5159,44.70949936,38.80110169,60.04880142,-999.25,2.692800045,0.0546,97.22
5159.5,75.10739899,65.66809845,61.77730179,-999.25,2.671099901,0.042800002,102.17
5160,64.24099731,50.37960053,54.90230179,-999.25,2.731100082,0.035,95.52
5160.5,77.27839661,20.8416996,63.08590317,-999.25,2.810300112,0.0634,103.70
5161,19.82519913,38.94929886,65.20510101,-999.25,2.56340003,0.060500003,100.87
5161.5,21.55050087,71.28070068,63.4081955,-999.25,2.591500044,0.055799998,100.72
5162,31.67510033,148.095398,59.82420349,-999.25,2.6329,0.0341,95.11
5162.5,61.6711998,314.2124939,51.67969894,-999.25,2.734499931,0.021400001,94.60
5163,107.7291031,176.4134979,54.20899963,-999.25,2.763099909,0.032299999,96.81
5163.5,51.24990082,28.13850021,58.81840134,-999.25,2.849600077,0.046500001,96.99
5164,61.39250183,29.07299995,63.21289825,-999.25,2.993599892,0.063600004,102.47
5164.5,64.75520325,38.47449875,62.83200073,-999.25,2.941900015,0.066399999,102.20
5165,30.39699936,33.1908989,65.11720276,-999.25,2.838399887,0.067600004,104.50
5165.5,30.7390995,25.44610024,65.27339935,-999.25,2.971600056,0.057300001,105.48
5166,19.38100052,130.1195068,56.60160065,-999.25,2.914200068,0.045100004,94.94
5166.5,24.83289909,132.9626007,60.8105011,-999.25,2.662199974,0.0418,96.50
5167,27.63829994,157.7537994,55.25389862,-999.25,2.707099915,0.031300001,94.11
5167.5,39.68669891,75.61129761,56.9530983,-999.25,2.785900116,0.031300001,94.78
5168,33.47660065,131.3572998,53.37889862,-999.25,2.755500078,0.032000002,94.36
5168.5,43.50130081,75.31410217,58.54489517,-999.25,2.759500027,0.042300001,95.88
5169,33.66540146,112.8906021,56.41600037,-999.25,2.821099997,0.0427,94.87
5169.5,64.98040009,32.17200089,57.5,-999.25,2.759000063,0.046300001,96.93
5170,59.84949875,28.29290009,55.68360138,-999.25,2.766900063,0.047800001,96.27
5170.5,56.83269882,11.69379997,58.32030106,-999.25,2.878799915,0.063200004,102.65
5171,31.8355999,44.43759918,57.63669968,-999.25,2.796999931,0.066100001,98.44
5171.5,29.59049988,12.65789986,60.71289825,-999.25,2.795700312,0.069799997,103.09
5172,18.12319946,20.07250023,56.24020004,-999.25,2.731899977,0.048,96.95
5172.5,27.41340065,90.16429901,54.78519821,-999.25,2.675299883,0.040999997,93.88
5173,40.34230042,113.3808975,54.88280106,-999.25,2.693900108,0.0383,93.53
5173.5,25.69420052,17.77300072,56.24020004,-999.25,2.682899952,0.042800002,96.56
5174,40.93970108,115.4040985,54.5605011,-999.25,2.719300032,0.044899996,94.31
5174.5,37.709301,70.25610352,58.00780106,-999.25,2.741899967,0.0502,96.30
5175,89.65200043,91.11889648,55.40039825,-999.25,2.681999922,0.044099998,95.38
5175.5,33.45550156,45.65219879,54.63869858,-999.25,2.715899944,0.048099998,96.35
5176,31.51239967,92.32720184,57.90039825,-999.25,2.68930006,0.051899999,95.34
5176.5,28.72430039,58.63740158,58.76950073,-999.25,2.745599985,0.059799999,98.26
5177,25.1352005,20.10980034,56.58200073,-999.25,2.704299688,0.056399997,97.70
5177.5,34.6772995,56.68590164,56.11330032,-999.25,2.682100058,0.052600004,95.04
5178,42.07120132,36.78519821,57.33399963,-999.25,2.650500059,0.047800001,95.06
5178.5,78.51000214,23.92300034,56.05469894,-999.25,2.741899967,0.040399998,96.84
5179,21.58950043,28.34460068,55.0780983,-999.25,2.754899979,0.033800002,95.78
5179.5,24.50559998,49.61769867,58.48630142,-999.25,2.676700115,0.037100002,95.73
5180,39.80369949,71.92960358,55.33200073,-999.25,2.798399925,0.033299997,94.40
5180.5,35.07160187,359.5463867,55.47850037,-999.25,2.734699965,0.042300001,94.49
5181,99.89029694,330.7912903,56.25,-999.25,2.717600107,0.052299999,96.28
5181.5,78.80500031,397.9204102,55.83010101,-999.25,2.678900003,0.042600002,94.92
5182,23.86969948,65.30889893,57.19729996,-999.25,2.624000073,0.0372,93.07
5182.5,52.62080002,23.31430054,61.28910065,-999.25,2.618499994,0.046300001,99.82
5183,61.86180115,110.1461029,56.93360138,-999.25,2.675299883,0.033299997,94.66
5183.5,50.23820114,99.04519653,55.05860138,-999.25,2.705199957,0.032600001,94.20
5184,28.50279999,47.15950012,60.24409866,-999.25,2.646300077,0.041999999,96.49
5184.5,16.43260002,73.00209808,56.30860138,-999.25,2.697000027,0.045000002,94.00
5185,19.69420052,44.6792984,62.43159485,-999.25,2.586600065,0.068700001,98.81
5185.5,21.76189995,53.79790115,62.82229996,-999.25,2.53399992,0.0612,98.87
5186,25.78359985,18.09830093,61.11330032,-999.25,2.550499916,0.0713,99.01
5186.5,21.23539925,13.40600014,64.07230377,-999.25,2.546999931,0.087499999,102.68
5187,25.85289955,22.10339928,67.31439972,-999.25,2.456599951,0.088699997,104.43
5187.5,18.85910034,20.47809982,56.14260101,-999.25,2.715600014,0.052399997,97.47
5188,30.43289948,67.27069855,57.81250382,-999.25,2.718499899,0.055399999,96.84
5188.5,31.7140007,80.46250153,55.7030983,-999.25,2.737900019,0.072999999,96.27
5189,47.22850037,57.79520035,62.21680069,-999.25,2.651900053,0.086099997,99.43
5189.5,31.1772995,42.1026001,61.54299927,-999.25,2.763400078,0.060399998,101.26
5190,30.30579948,40.00849915,61.18159485,-999.25,2.744499922,0.058200002,100.94
5190.5,32.43280029,52.77149963,59.21879578,-999.25,2.772300005,0.054499999,97.67
5191,55.71269989,69.20890045,62.77339935,-999.25,2.461199999,0.056500003,99.89
5191.5,25.12319946,129.9113007,53.90620041,-999.25,2.619100094,0.078200005,93.09
5192,23.29870033,51.51839829,56.1230011,-999.25,2.72390008,0.071199998,97.21
5192.5,23.20479965,114.1108017,58.8769989,-999.25,2.73210001,0.054099999,96.99
5193,26.2682991,136.5397034,55.73239899,-999.25,2.75880003,0.047399998,94.84
5193.5,52.96139908,90.98459625,57.27539825,-999.25,2.660700083,0.052699998,94.98
5194,28.84000015,96.01899719,54.75590134,-999.25,2.745800018,0.040300001,94.73
5194.5,21.42340088,52.95489883,57.28519821,-999.25,2.650000095,0.035,93.94
5195,24.15119934,57.80419922,56.89450073,-999.25,2.737600088,0.052499998,96.17
5195.5,18.59620094,104.8114014,55.79100037,-999.25,2.678900003,0.061100002,94.84
5196,24.34379959,110.8591995,53.75980377,-999.25,2.724499941,0.059,95.78
5196.5,57.8526001,173.1882019,55.67380142,-999.25,2.678200007,0.051199999,94.71
5197,125.7269974,119.8929977,55.82030106,-999.25,2.733200312,0.054099999,96.54
5197.5,113.3905029,38.84170151,59.8144989,-999.25,2.523900032,0.068000004,100.32
5198,31.08620071,15.38640022,68.90619659,-999.25,2.125200033,0.146499991,114.66
5198.5,84.46510315,9.053299904,68.78910065,-999.25,2.747499943,0.187700003,124.93
5199,7.592999935,26.03730011,60.56639862,-999.25,2.722199917,0.143100008,104.04
5199.5,7.186600208,24.95859909,59.6581955,-999.25,2.827800036,0.024900001,97.25
5200,22.20929909,16.56489945,58.39839935,-999.25,2.600600004,0.037700001,95.74
5200.5,11.58819962,31.01300049,59.88280106,-999.25,2.502500057,0.035700001,93.98
5201,15.24190044,17.62750053,58.125,-999.25,2.506099939,0.0299,94.30
5201.5,148.4642029,47.88349915,56.25,-999.25,2.531599999,0.032299999,95.55
5202,58.40629959,28.16329956,60.27339935,-999.25,2.453900099,0.077100001,97.24
5202.5,68.45549774,3.427000046,70.19529724,-999.25,2.549200058,0.193099991,128.97
5203,52.44810104,10.73799992,68.74019623,-999.25,2.660399914,0.299800009,126.11
5203.5,52.81159973,9.335100174,65.3125,-999.25,2.771399975,0.279899985,123.24
5204,53.31280136,6.727600098,67.54879761,-999.25,2.787499905,0.303600013,124.49
5204.5,49.18500137,8.430500031,66.96289825,-999.25,2.842000008,0.278499991,123.84
5205,68.15910339,7.133699894,66.22070313,-999.25,2.858599901,0.284500003,122.15
5205.5,62.23929977,5.689700127,68.37889862,-999.25,2.83920002,0.323399991,124.53
5206,54.88660049,5.784900188,68.65229797,-999.25,2.813199997,0.339000017,127.57
5206.5,61.55730057,6.420000076,68.58399963,-999.25,2.784699917,0.315600008,126.63
5207,46.05139923,5.2572999,67.50980377,-999.25,2.795900106,0.330299974,124.34
5207.5,55.76850128,5.92140007,69.34570313,-999.25,2.804699898,0.303900003,130.18
5208,32.01480103,6.977700234,67.46089935,-999.25,2.779099941,0.268700004,125.45
5208.5,58.65520096,7.627399921,66.59179688,-999.25,2.81340003,0.232600004,124.25
5209,33.20399857,17.72249985,59.35549545,-999.25,2.837500095,0.223999992,110.39
5209.5,139.6777954,10.72130013,63.96480179,-999.25,2.772000074,0.192399994,114.54
5210,54.02819824,41.11740112,58.63280106,-999.25,2.778000116,0.174099997,101.40
5210.5,105.0920029,12.95730019,65.68360138,-999.25,2.743099928,0.157499999,117.97
5211,38.82229996,37.62530136,60.99610138,-999.25,2.630700111,0.1347,104.15
5211.5,48.82180023,7.783599854,67.19730377,-999.25,2.63470006,0.265799999,124.84
5212,72.87409973,14.19349957,67.04100037,-999.25,2.594300032,0.185699999,122.58
5212.5,74.39279938,26.10960007,67.58789825,-999.25,2.512799978,0.1184,108.52
5213,66.59429932,26.54730034,66.50389862,-999.25,2.550199986,0.227600008,118.86
5213.5,64.42510223,11.27859974,71.17189789,-999.25,2.74000001,0.389099985,131.02
5214,56.66070175,8.135499954,73.53520203,-999.25,2.790400028,0.343199998,135.36
5214.5,36.33990097,6.883999825,67.21679688,-999.25,2.857899904,0.27610001,124.30
5215,28.77739906,4.66079998,68.94529724,-999.25,2.816800118,0.278499991,128.11
5215.5,27.36669922,2.84190011,70.88870239,-999.25,2.911600113,0.293300003,133.63
5216,26.99110031,1.445000053,74.59960175,-999.25,2.839999914,0.426100016,142.61
5216.5,28.92040062,1.597499967,73.79879761,-999.25,2.832099915,0.48360002,144.37
5217,27.53079987,1.108299971,74.61910248,-999.25,2.882400036,0.464399993,145.47
5217.5,26.68600082,1.13530004,73.65229797,-999.25,2.832900047,0.475499988,143.32
5218,26.27580071,1.445799947,72.71479797,-999.25,2.764499903,0.496800005,140.74
5218.5,26.48340035,1.107499957,74.62889862,-999.25,2.816900015,0.519500017,146.43
5219,25.85020065,0.407299995,74.90229797,-999.25,2.939699888,0.479799986,151.53
5219.5,26.78109932,0.550100029,75.83010101,-999.25,2.841799974,0.495400012,153.83
5220,25.5128994,0.558499992,76.55269623,-999.25,2.806600094,0.522799969,153.74
5220.5,27.26889992,0.685400009,76.43560791,-999.25,2.840399981,0.467400014,152.50
5221,31.98209953,0.506699979,77.30470276,-999.25,2.800899983,0.490700007,156.37
5221.5,34.00669861,0.376199991,79.73629761,-999.25,2.890799999,0.50060004,158.30
5222,43.30360031,0.500199974,81.78710175,-999.25,2.775700092,0.48240003,161.41
5222.5,59.69060135,0.510299981,82.62689972,-999.25,2.751300097,0.456100017,164.32
5223,38.4272995,0.449600011,86.93360138,-999.25,2.745500088,0.367900014,168.55
5223.5,34.80220032,0.783900023,91.40619659,-999.25,2.727499962,0.324999988,176.08
5224,23.67650032,1.47510004,80.63480377,-999.25,2.77579999,0.268099994,148.05
5224.5,24.3973999,36.48279953,68.41799927,-999.25,2.801000118,0.141300008,112.42
5225,21.07830048,74.7928009,61.10350037,-999.25,2.767999888,0.121800005,103.04
5225.5,21.47529984,49.19630051,60.15620041,-999.25,2.740499973,0.124799997,102.03
5226,19.78779984,33.45700073,59.51169968,-999.25,2.768300057,0.119499996,101.72
5226.5,23.07010078,32.07649994,59.51169968,-999.25,2.777299881,0.123999998,102.15
5227,33.30690002,8.157500267,59.90230179,-999.25,2.735899925,0.138300002,110.48
5227.5,48.35029984,5.10529995,62.66600037,-999.25,2.684400082,0.151099995,116.72
5228,46.27429962,3.398400068,63.9844017,-999.25,2.691099882,0.154200003,118.01
5228.5,55.44869995,3.500099897,72.50980377,-999.25,2.687599897,0.166800007,133.44
5229,50.30319977,3.237699986,71.31839752,-999.25,2.714600086,0.17719999,132.41
5229.5,56.31840134,1.53460002,82.25589752,-999.25,2.71359992,0.192999989,147.91
5230,47.00839996,3.343800068,80.60549927,-999.25,2.73390007,0.191399992,145.94
5230.5,44.74269867,1.549900055,77.58789825,-999.25,2.720799923,0.192000002,140.34
5231,39.57860184,2.132499933,74.66799927,-999.25,2.713099957,0.184,134.86
5231.5,31.66239929,2.428800106,67.85160065,-999.25,2.719599962,0.162599996,120.78
5232,33.29909897,3.483500004,69.10160065,-999.25,2.768899918,0.163299993,125.93
